loan_amnt,annual_inc,dti,open_acc,home_ownership,credit_history_length,log_annual_inc
21312,76514,20.1,7,RENT,14,11.245229009606922
28355,80460,8.7,12,RENT,7,11.29551544550378
18659,74064,13.5,10,MORTGAGE,33,11.212684863271052
28276,106323,5.4,1,MORTGAGE,33,11.574236909693331
28793,37424,19.0,7,RENT,30,10.53006748882396
33312,81920,10.7,13,RENT,10,11.313498440273335
26677,47602,17.4,7,RENT,32,10.770630056143553
5823,63062,29.5,13,MORTGAGE,22,11.051873648422314
26253,31622,6.7,14,RENT,33,10.36160835987009
18808,103698,18.7,8,MORTGAGE,12,11.549238107628549
7143,40816,24.5,3,MORTGAGE,35,10.616829440381593
10699,38070,14.5,12,OWN,22,10.547181849376543
28425,103477,20.4,13,MORTGAGE,5,11.547104644770322
6015,31980,16.2,2,RENT,28,10.372865986387945
17468,85168,19.1,8,RENT,28,11.352381055412538
28805,50491,12.8,9,RENT,32,10.829550381558986
10486,107129,20.6,3,RENT,13,11.58178899475957
8343,42112,29.5,11,RENT,16,10.648088014684989
33710,63130,18.9,10,RENT,34,11.05295137136167
32350,108187,10.9,6,RENT,35,11.591616490301877
8009,64911,9.4,14,MORTGAGE,7,11.080772379855539
25877,87761,11.0,5,RENT,32,11.382372489597046
6679,64008,7.3,9,RENT,24,11.066763354529959
31103,100507,28.6,12,RENT,11,11.517982655796992
27248,32219,18.7,12,MORTGAGE,18,10.380311619626104
31263,62733,5.2,12,RENT,20,11.04664290395491
5197,84917,19.8,11,MORTGAGE,20,11.349429587826233
14914,30117,20.0,13,MORTGAGE,6,10.312845075359636
26518,47260,18.0,3,RENT,10,10.763419550740899
6685,91877,8.6,13,MORTGAGE,32,11.428206004985686
30657,93620,5.8,4,RENT,25,11.446999314854061
32464,86800,21.5,3,RENT,13,11.371361900648441
19512,64636,19.0,5,RENT,7,11.076526810092139
32890,114471,28.5,10,RENT,35,11.648076794787704
10237,119399,21.8,4,RENT,29,11.690226104696187
9642,116444,8.0,14,OWN,21,11.665165749725729
24965,35951,25.6,3,MORTGAGE,22,10.489912179174006
32084,108797,14.5,12,MORTGAGE,13,11.597239039494411
7193,112711,11.6,12,RENT,7,11.632582299523976
18446,97526,9.0,1,RENT,34,11.48787428810337
9777,85029,23.7,2,RENT,12,11.350747653755585
9330,84028,8.5,6,MORTGAGE,11,11.338905355615571
7961,41694,21.8,5,MORTGAGE,18,10.638112512542383
21921,90500,6.1,1,RENT,24,11.413105129688017
27002,114717,27.1,8,RENT,9,11.650223504863899
9465,77924,11.5,1,RENT,23,11.263489271701095
6059,71427,24.2,3,RENT,24,11.176431228107012
10177,91120,28.0,9,RENT,11,11.419932598121063
10387,55510,17.2,12,MORTGAGE,21,10.924318463684207
31105,72533,27.5,7,MORTGAGE,24,11.19179690969702
23942,69764,10.0,11,RENT,16,11.152873396388559
16023,67567,7.7,14,RENT,18,11.120874977158925
29098,82930,5.5,12,RENT,14,11.32575215744525
24870,31591,7.4,13,OWN,26,10.360627548882315
26168,38711,26.9,2,OWN,19,10.563879076356082
34802,43456,13.1,12,RENT,18,10.679504210918369
31557,109252,5.7,1,RENT,23,11.601412419426428
20151,83028,14.1,8,RENT,10,11.326933179286812
10713,83268,29.2,10,OWN,34,11.32981960068755
6542,95160,24.8,1,RENT,8,11.463314964416893
5663,72078,28.8,1,RENT,11,11.18550414494943
19552,70600,6.1,1,RENT,23,11.164785423481334
11938,98916,26.9,2,MORTGAGE,12,11.502026284101229
16704,43281,25.5,14,RENT,26,10.675469018613882
25797,49216,21.1,9,RENT,34,10.803974052865316
28960,87932,29.9,11,RENT,6,11.384319067480007
31432,100831,7.4,8,RENT,5,11.52120112702131
31333,31341,23.6,1,MORTGAGE,11,10.352682423505618
9964,43025,27.6,8,RENT,28,10.66953662107974
13050,49097,20.7,1,RENT,29,10.80155321211961
6016,40488,14.0,7,OWN,17,10.608760912893914
6802,94772,16.1,5,MORTGAGE,11,11.459229285966368
21538,61821,29.1,3,OWN,17,11.0319983915501
28625,64701,23.7,2,RENT,7,11.07753193632009
8506,30060,29.1,12,RENT,11,10.310950663306965
23227,76197,10.2,13,RENT,28,11.241077370820976
31370,40789,25.2,5,RENT,30,10.616167716198387
27671,110910,27.6,11,RENT,28,11.616474340598787
31870,45048,18.5,2,MORTGAGE,18,10.715483866934454
34124,118929,15.8,2,MORTGAGE,9,11.686281955378533
14762,109905,6.3,12,MORTGAGE,27,11.607371635262174
14435,75186,23.6,10,MORTGAGE,31,11.22772032239334
34045,56431,8.0,6,RENT,13,10.940773931876523
32480,45254,13.9,2,RENT,34,10.720046343011273
15518,62913,12.1,6,RENT,24,11.04950809859923
9780,117955,25.3,2,MORTGAGE,20,11.678058474780933
13662,103609,23.5,6,RENT,6,11.548379477621188
21482,69282,23.4,5,RENT,28,11.145940411179911
33861,107236,29.7,10,MORTGAGE,30,11.582787292139145
21958,65954,16.3,3,RENT,5,11.0967128083153
22308,33093,15.3,9,RENT,22,10.40707705863749
18403,59975,28.3,8,MORTGAGE,24,11.001683087707896
12206,36150,25.9,1,MORTGAGE,14,10.49543222758691
14662,96017,6.3,12,RENT,30,11.472280538105904
34703,117046,6.8,2,MORTGAGE,27,11.670322298904974
28190,115680,6.4,6,RENT,6,11.658583037392592
25876,30806,26.3,10,RENT,5,10.335464755184402
22675,73925,18.0,4,MORTGAGE,19,11.210806344720678
13096,116925,22.0,7,RENT,8,11.669287982594087
17688,75558,25.4,13,RENT,32,11.2326558522339
25491,65435,29.5,3,RENT,27,11.088812562489581
12494,115956,14.3,8,RENT,34,11.660966087787308
7612,85123,17.0,3,MORTGAGE,23,11.351852548315305
22262,82796,20.0,11,RENT,29,11.324135030027682
16130,111412,12.7,4,MORTGAGE,9,11.620990320602132
11420,54285,24.4,4,RENT,30,10.902003224665952
24769,118464,18.4,13,RENT,12,11.682364395933169
31962,99669,19.0,4,OWN,14,11.50960997480191
15150,84302,29.2,1,RENT,15,11.342160868500926
8890,113251,20.3,11,RENT,26,11.637361873328372
28049,42254,14.4,11,MORTGAGE,34,10.65145430286018
7082,53510,23.4,5,RENT,19,10.88762383130535
26834,97584,28.1,3,MORTGAGE,31,11.488468824536238
18067,36229,13.9,4,RENT,30,10.497615182072922
26616,95441,16.9,4,RENT,7,11.466263534503998
10949,108617,7.8,14,OWN,15,11.59558321198444
27677,108344,29.7,2,OWN,23,11.593066629335206
19502,72318,18.8,12,RENT,14,11.188828339816398
29690,104859,9.5,12,RENT,25,11.56037186955616
14823,45896,24.0,3,RENT,14,10.734133246281708
27998,37083,6.9,11,MORTGAGE,23,10.520913922555932
6409,90535,8.3,8,MORTGAGE,8,11.413491795254743
32569,76542,24.0,9,RENT,32,11.245594888766345
22312,105713,21.4,3,MORTGAGE,27,11.568483153888918
30851,53321,12.1,7,RENT,5,10.88408552880545
6930,54519,21.2,3,MORTGAGE,23,10.906304543749371
15647,71874,17.5,8,MORTGAGE,8,11.182669864959387
28486,71846,26.9,1,RENT,12,11.182280218419526
32837,57856,27.1,11,RENT,10,10.965712443751848
14540,107454,26.0,8,RENT,33,11.584818127994794
33016,78845,13.1,10,MORTGAGE,30,11.275239178839687
26330,94754,25.7,14,MORTGAGE,20,11.459039338412426
18116,104553,25.5,12,RENT,15,11.557449398849695
21517,105418,7.3,5,OWN,25,11.565688678497112
34487,46907,20.2,1,OWN,15,10.755922197028484
21943,51792,12.9,5,MORTGAGE,30,10.854990976166025
16111,70631,19.9,6,MORTGAGE,28,11.165224420592418
28788,97298,18.6,14,RENT,20,11.485533712978256
21388,69952,15.3,3,RENT,21,11.15556457153621
20979,56657,13.9,7,OWN,32,10.944770824577168
11546,112870,10.9,7,MORTGAGE,6,11.633991992949673
32932,43350,15.3,10,MORTGAGE,16,10.677061982208688
33874,106242,29.7,8,OWN,6,11.573474789834272
6899,103553,20.3,2,RENT,21,11.54783883791541
11265,83932,16.6,3,RENT,29,11.337762226174586
31144,113441,17.8,5,RENT,9,11.639038156959822
11970,66444,6.6,5,RENT,20,11.104114766610968
23077,76163,10.3,12,MORTGAGE,8,11.240631059445754
32635,50581,26.9,8,OWN,31,10.83133129068886
24307,101719,11.9,2,OWN,8,11.529969388579357
15173,66976,24.1,4,RENT,33,11.112089625245726
16649,117388,15.8,13,RENT,20,11.673239966501093
8943,54071,10.5,1,OWN,10,10.898053276749138
33621,54354,24.0,13,MORTGAGE,10,10.903273486897342
32266,53275,7.6,2,MORTGAGE,5,10.883222456966818
13208,48449,7.0,3,RENT,25,10.788266977271027
12526,35287,18.6,7,RENT,27,10.471269903137944
8141,114082,9.9,8,RENT,24,11.644672767051249
25932,45328,21.0,12,MORTGAGE,12,10.721680222070297
10726,87132,10.2,3,MORTGAGE,8,11.375179489168247
7454,36168,26.6,5,MORTGAGE,18,10.495930028974442
21646,107834,24.3,11,RENT,29,11.588348286616089
22640,56660,11.1,1,MORTGAGE,19,10.944823773384508
30471,112310,21.6,1,RENT,25,11.629018183957081
18772,104318,13.3,7,RENT,14,11.555199205197558
5190,105629,12.4,13,RENT,19,11.567688233764917
33708,63933,8.3,12,RENT,30,11.065590938985435
32712,114976,6.7,4,MORTGAGE,6,11.652478689913245
7914,87775,5.9,4,RENT,33,11.382532001036633
21198,117886,28.0,7,RENT,14,11.677473334775854
25602,41246,7.2,11,MORTGAGE,33,10.627309417363993
31054,42015,15.8,13,RENT,12,10.645781976362318
10892,65854,16.2,13,RENT,15,11.095195449441992
19257,50609,13.5,13,OWN,27,10.831884705071992
30945,51172,20.4,1,MORTGAGE,30,10.842947786436925
33020,75543,23.9,5,RENT,34,11.232457309536642
28802,42857,20.7,7,OWN,18,10.665624271244136
33940,76828,11.4,1,OWN,12,11.249324436024743
18843,72207,11.4,9,RENT,21,11.187292273089875
30658,31252,29.4,2,RENT,17,10.349838653116635
12805,34853,29.8,14,MORTGAGE,24,10.458894495697496
13322,88017,23.7,9,MORTGAGE,11,11.385285256621321
15344,60707,20.7,10,MORTGAGE,10,11.013814291650665
29933,51195,5.1,6,OWN,23,10.843397150008917
24968,113807,27.6,9,OWN,14,11.642259310206168
12989,41314,20.7,11,MORTGAGE,31,10.628956704558197
12777,71157,17.9,11,MORTGAGE,8,11.172643982375057
34222,79481,9.8,13,MORTGAGE,14,11.283273278368183
11102,115382,24.6,2,MORTGAGE,8,11.656003641687342
14576,79138,25.0,9,RENT,33,11.278948442949623
23895,30922,26.3,10,MORTGAGE,31,10.33922318366254
25939,72808,6.8,12,MORTGAGE,15,11.195581118257191
22247,102303,23.3,4,RENT,22,11.53569427702293
29504,39077,25.2,11,RENT,24,10.573289337601082
11530,108249,7.9,10,MORTGAGE,8,11.592189407946778
31641,106218,20.8,3,MORTGAGE,27,11.573248864953333
28052,109579,7.8,11,MORTGAGE,15,11.604401029297891
21896,83302,21.9,14,RENT,11,11.33022783747055
20368,89720,16.5,9,OWN,34,11.404448988634144
30876,66368,17.7,6,MORTGAGE,25,11.1029702915892
17206,54214,21.3,1,RENT,31,10.900694456656394
27619,35569,16.8,8,RENT,30,10.479229750968448
13787,73001,15.7,9,MORTGAGE,21,11.19822841866684
33050,105046,15.0,12,OWN,12,11.562153628442054
12312,105932,5.0,11,MORTGAGE,7,11.570552657805022
7385,94435,11.9,13,RENT,20,11.455667046129946
7811,74028,8.7,12,RENT,11,11.21219867899764
11833,41122,14.7,10,MORTGAGE,34,10.624298537078547
6931,119599,18.8,8,MORTGAGE,33,11.6918997592597
30068,117731,7.4,3,MORTGAGE,26,11.67615764004789
24334,38705,26.6,1,RENT,15,10.563724069638814
11966,111182,10.7,13,RENT,12,11.618923777192578
27009,61419,8.2,9,RENT,6,11.025474512520688
9158,51563,10.7,1,RENT,10,10.850559639999718
8267,82393,23.7,13,MORTGAGE,9,11.319255760832673
10334,37906,26.2,12,RENT,21,10.542864689886246
24174,57139,9.1,6,MORTGAGE,34,10.953242174756578
9736,50103,21.9,4,RENT,14,10.821836165519727
22749,71873,13.6,1,RENT,10,11.182655951625541
19486,46478,25.5,2,RENT,19,10.746734361340112
15921,40954,13.7,1,MORTGAGE,23,10.620204764608506
29105,58024,18.3,9,MORTGAGE,27,10.968611997043249
22364,111974,9.3,13,RENT,27,11.626021980470766
30446,78447,13.1,13,MORTGAGE,10,11.270178516512194
24894,49096,9.6,8,RENT,17,10.801532844068934
34838,43507,23.0,4,MORTGAGE,5,10.680677123670845
18550,68158,19.2,13,RENT,17,11.129583818349687
12996,32079,12.9,2,RENT,14,10.375956889424767
24738,92823,19.3,11,RENT,25,11.438449732893423
22879,97444,8.7,12,RENT,11,11.487033133004278
24870,102595,15.5,4,RENT,29,11.538544477587848
13792,82329,17.0,9,MORTGAGE,9,11.318478693977967
17990,87108,24.2,14,RENT,22,11.37490400707284
22506,40616,22.7,8,RENT,9,10.611917356627231
10745,105532,10.1,13,RENT,30,11.56676950344234
15492,82603,15.8,14,MORTGAGE,35,11.32180127846212
16296,117895,14.8,14,MORTGAGE,5,11.677549676805148
34509,47685,21.5,10,OWN,8,10.772372162013014
15893,31279,21.5,4,MORTGAGE,34,10.350702224838756
10276,112558,19.8,8,RENT,26,11.631223923329062
9014,109111,13.9,8,RENT,14,11.600120991669925
25150,64801,16.8,8,RENT,14,11.079076314320059
6585,52415,15.1,12,RENT,6,10.866948088886673
6581,52042,17.0,3,MORTGAGE,16,10.859806363863356
26847,46748,26.4,1,MORTGAGE,23,10.752526753053047
12022,71949,12.8,7,RENT,33,11.183712813678275
14204,102355,14.7,6,RENT,30,11.536202441874721
7049,105993,16.1,10,RENT,24,11.571128333177768
24626,68110,25.8,14,OWN,19,11.128879324235363
29253,52574,14.6,9,MORTGAGE,30,10.86997697994303
5769,73125,7.6,3,MORTGAGE,15,11.199925584534158
21990,82487,9.8,3,RENT,33,11.320395984148833
32311,76240,17.5,10,RENT,11,11.241641538328084
15975,53821,23.5,5,RENT,35,10.893419004561645
16261,57345,20.9,12,RENT,25,10.956840934798622
13311,59373,8.1,3,OWN,17,10.99159485655909
28001,36960,23.5,5,MORTGAGE,29,10.51759152575562
34320,93076,9.2,11,OWN,7,11.441171642706838
6678,39111,11.1,9,OWN,11,10.574159036330888
26271,94291,14.3,14,RENT,23,11.454141023982018
34548,49982,18.3,6,RENT,34,10.819418219594727
13308,117410,6.1,7,MORTGAGE,8,11.673427361624258
19075,44153,11.6,7,RENT,26,10.695416153893474
16969,69224,26.6,6,MORTGAGE,12,11.145102902286574
10855,114056,19.5,2,MORTGAGE,8,11.644444834833797
15233,115392,23.1,3,RENT,22,11.656090306562989
22924,80106,21.5,5,MORTGAGE,21,11.29110603661815
15805,99724,29.0,1,RENT,25,11.510161649147497
7327,34018,7.8,11,MORTGAGE,19,10.434645075274037
26962,100080,23.0,6,RENT,11,11.513725145140793
24118,108587,27.4,6,RENT,9,11.595306973976017
5301,95155,14.7,1,MORTGAGE,15,11.463262419951128
21850,47100,22.0,10,RENT,5,10.760028280004509
17757,40395,21.9,3,RENT,20,10.606461293913808
10881,101431,22.2,9,RENT,31,11.527134043337512
15457,99626,25.3,6,RENT,8,11.509178453683294
13226,110719,13.3,14,MORTGAGE,5,11.614750739018803
15253,69811,9.1,13,RENT,13,11.15354686945718
19683,52890,13.0,7,MORTGAGE,26,10.875969564060025
7975,56399,6.9,7,RENT,12,10.940206706832509
31211,66408,27.0,12,MORTGAGE,28,11.103572810134871
14692,53954,23.4,6,MORTGAGE,16,10.89588711066259
6306,89383,13.2,12,RENT,22,11.400685786479995
21281,84620,23.3,2,MORTGAGE,22,11.34592592427406
25080,60523,21.4,12,RENT,28,11.010778737063674
23639,30126,29.9,13,OWN,22,10.313143865262761
19599,91268,29.8,13,MORTGAGE,18,11.421555512265462
13924,91413,15.7,11,RENT,20,11.42314297927572
24223,100342,14.6,1,RENT,9,11.516339630070016
19837,98878,21.3,1,RENT,34,11.501642045949742
8561,76271,19.7,7,RENT,33,11.242048066387397
19397,104691,14.3,13,MORTGAGE,19,11.558768433278479
30251,91916,6.4,1,RENT,21,11.428630395474826
16714,56292,20.3,10,MORTGAGE,26,10.938307708116458
9611,67641,17.6,3,MORTGAGE,31,11.121969587054622
29300,85645,24.4,14,RENT,35,11.357966124932085
12629,111818,21.4,3,RENT,31,11.624627828532647
31258,65737,27.4,13,RENT,24,11.093417211859927
14007,32717,28.8,1,MORTGAGE,10,10.395650099471604
30731,39516,7.3,11,RENT,31,10.584460932164365
24128,85337,13.6,1,RENT,15,11.354363402620459
10600,54442,8.5,11,RENT,18,10.904891193783463
18545,56614,17.5,4,MORTGAGE,19,10.944011583428672
27116,81571,6.3,8,MORTGAGE,21,11.309229085628576
30470,98344,12.8,6,RENT,28,11.496226815347176
26243,89399,15.3,1,MORTGAGE,31,11.400864775416718
8152,36090,17.3,11,RENT,11,10.493771097636834
24554,42342,10.3,6,RENT,16,10.653534780228885
6267,55934,28.4,13,MORTGAGE,30,10.931927703227235
6895,98836,26.2,12,OWN,12,11.501217189838068
32472,70998,14.3,7,MORTGAGE,33,11.170406986612614
29466,110435,7.2,5,OWN,28,11.612182391567568
21448,58699,7.4,5,RENT,18,10.98017796989595
32767,116066,29.0,4,RENT,11,11.661914273806232
23540,48297,22.1,10,MORTGAGE,14,10.785124725910403
28897,49963,21.3,14,RENT,35,10.819038010475133
29376,72880,11.1,4,RENT,5,11.19656953193384
26500,106125,8.9,2,OWN,28,11.57237292361365
24456,77638,26.4,11,MORTGAGE,31,11.259812277033586
6998,113524,26.2,8,OWN,8,11.639769547294895
19527,115431,17.0,13,MORTGAGE,14,11.65642822783055
26925,63742,28.7,7,MORTGAGE,5,11.062598964950041
16829,37491,9.8,8,RENT,7,10.531856183153893
13529,49262,15.1,3,MORTGAGE,10,10.804908271743555
9426,51949,29.4,13,RENT,26,10.858017747063952
28509,113122,24.8,10,RENT,6,11.636222161313567
7368,45358,26.5,7,MORTGAGE,12,10.722341845718807
34124,63719,27.5,9,RENT,30,11.062238070241076
5206,106090,11.4,2,RENT,29,11.572043069453317
11655,44596,28.9,2,MORTGAGE,5,10.705399447887462
20787,75002,6.1,6,RENT,15,11.225270058829565
14874,90279,14.5,12,RENT,28,11.410660154219704
28959,117266,9.2,14,OWN,21,11.672200137553002
23048,54762,9.1,4,RENT,26,10.910751801744933
6324,75648,14.9,6,MORTGAGE,9,11.233846281325715
18584,110688,24.7,11,OWN,16,11.614470711736896
17039,106918,14.8,9,RENT,6,11.579817464503643
30184,101324,24.2,13,MORTGAGE,8,11.52607858221514
10056,42910,21.0,10,MORTGAGE,33,10.666860177985571
16516,53874,13.9,5,RENT,16,10.894403265748863
11801,63660,10.4,10,RENT,10,11.061311700836084
12400,110879,9.8,3,RENT,30,11.616194795624041
16016,117369,19.8,8,RENT,32,11.673078096993121
7502,86979,18.7,2,RENT,24,11.373421989189701
21347,49541,8.4,13,MORTGAGE,27,10.81055588854814
24531,67904,7.7,2,RENT,17,11.125850221973655
22209,96081,23.5,2,MORTGAGE,33,11.472946864693041
34090,118869,21.7,7,RENT,15,11.685777325387757
12574,54818,29.5,8,MORTGAGE,35,10.911773886155865
23525,105186,7.3,1,MORTGAGE,36,11.563485490581929
16534,48777,19.9,8,RENT,12,10.795014169263665
12587,69974,19.6,6,RENT,21,11.15587902346339
5412,43919,9.1,9,MORTGAGE,24,10.690102307253893
7433,67131,17.1,7,RENT,36,11.114401213291382
20106,41536,18.1,6,MORTGAGE,11,10.634315800063762
13838,83413,17.1,8,RENT,21,11.331559451499306
30547,93197,28.6,14,RENT,11,11.44247081131441
34235,66159,22.9,1,MORTGAGE,9,11.099816214710307
28483,66586,26.8,13,RENT,7,11.106249624221007
20707,31917,12.9,5,RENT,8,10.370894062184476
13691,39903,12.1,7,MORTGAGE,6,10.594206788021406
30086,71755,25.0,8,OWN,18,11.181012817605032
28132,74547,24.2,3,OWN,26,11.219185077934483
15136,78901,22.5,5,RENT,32,11.275949181024878
27075,87384,28.6,12,RENT,14,11.378067478523379
32810,70738,17.7,11,MORTGAGE,20,11.166738189812438
12400,54262,24.3,13,RENT,13,10.901579445098683
31558,97642,17.4,13,RENT,20,11.489063007705553
14151,32482,20.2,11,RENT,33,10.388441368734549
10986,83394,14.3,5,MORTGAGE,10,11.331331643312813
21964,77304,13.0,7,RENT,30,11.255500979679145
24170,113691,15.9,2,RENT,11,11.641239520932828
17972,61966,10.2,4,OWN,34,11.034341126511256
10301,116231,12.8,2,RENT,18,11.663334869231475
7479,65772,27.0,12,RENT,23,11.093949494834117
30945,32336,26.7,6,RENT,20,10.383936439643403
8005,36949,19.9,6,RENT,25,10.517293862410662
25153,58529,27.2,13,RENT,34,10.977277636883887
11295,95310,19.5,2,RENT,10,11.46489001593167
14268,34432,20.8,13,RENT,24,10.446741643521456
22955,54574,6.2,7,RENT,20,10.907312857842115
32355,56029,24.0,13,RENT,22,10.933624692818407
14789,109239,9.0,9,MORTGAGE,15,11.601293421389755
9171,92211,10.9,6,MORTGAGE,16,11.431834708285141
12114,50953,26.1,2,RENT,14,10.838658918173572
10878,117833,24.5,7,MORTGAGE,18,11.677023646792339
30373,35626,20.5,3,RENT,25,10.48083098735243
12056,113560,7.8,7,MORTGAGE,34,11.640086610586907
29736,38577,13.5,13,RENT,35,10.560411522938548
23222,83331,25.7,11,OWN,15,11.330575907784267
22749,67573,8.9,6,RENT,24,11.120963773962298
8863,69986,24.8,9,RENT,20,11.15605050102883
33643,103509,10.7,6,OWN,31,11.547413844428801
17183,98904,23.9,13,OWN,15,11.501904961686764
16774,117487,9.4,2,MORTGAGE,10,11.67408296814761
16494,62254,14.4,10,MORTGAGE,30,11.038978069290673
6816,93230,10.7,6,RENT,32,11.44282483729074
8709,52534,20.0,8,RENT,34,10.869215858012614
18877,46984,21.8,6,RENT,14,10.757562397202355
26572,58145,20.3,2,RENT,27,10.970695169727144
32945,101315,27.6,5,MORTGAGE,35,11.52598975429943
13173,63572,8.3,14,RENT,13,11.05992840081671
32132,36254,9.0,1,MORTGAGE,20,10.498304999022864
19948,103479,10.6,3,RENT,20,11.547123972550141
11910,114659,22.1,3,RENT,34,11.649717784987049
14207,92552,23.9,6,RENT,14,11.435525927708724
28247,40478,10.9,11,RENT,23,10.608513895626151
29829,31645,16.9,8,RENT,24,10.362335437209406
19423,67744,21.4,8,MORTGAGE,22,11.123491173934593
12392,73303,7.2,4,MORTGAGE,34,11.202356814731635
16363,66187,28.8,3,MORTGAGE,28,11.100239348018722
27299,83441,21.7,5,RENT,16,11.331895074262475
16493,73642,29.5,9,MORTGAGE,11,11.206970794130845
33761,61598,10.4,13,RENT,24,11.028384681462063
7027,45034,19.7,10,MORTGAGE,25,10.715173039019605
10801,46032,10.0,9,RENT,33,10.737092085791328
17043,54951,15.0,5,MORTGAGE,34,10.914197158028326
21639,111871,22.7,9,RENT,22,11.625101700748017
16657,103972,26.3,4,RENT,29,11.551876911105168
24360,53710,11.4,11,MORTGAGE,16,10.891354482899505
5569,61480,9.3,14,RENT,35,11.026467197652533
22575,55931,26.8,7,MORTGAGE,8,10.93187406714802
30939,79376,7.7,11,MORTGAGE,33,11.28195133454083
12483,74569,24.1,14,RENT,33,11.219480150229336
27868,51520,11.9,9,RENT,35,10.849725360778235
28524,81027,6.6,12,RENT,9,11.302537711444696
11396,49198,7.1,6,MORTGAGE,29,10.803608251247645
6986,97779,16.8,4,RENT,19,11.490465109040045
28003,78874,14.1,2,RENT,14,11.275606921474713
6021,113807,26.0,5,RENT,11,11.642259310206168
10989,77837,23.4,2,OWN,29,11.262372175521085
10258,112838,10.9,5,RENT,5,11.633708440747585
15555,73088,6.0,13,MORTGAGE,18,11.199419473575627
9297,53061,19.7,5,MORTGAGE,9,10.879197474102904
7747,83682,6.0,1,RENT,31,11.33477917958675
13130,65111,23.2,8,RENT,19,11.083848784736833
23237,114555,14.9,5,MORTGAGE,28,11.648810335990595
12079,112565,29.4,7,RENT,6,11.631286111555074
24065,94772,5.4,12,OWN,20,11.459229285966368
21609,50806,28.3,1,RENT,34,10.835769736828329
13433,85479,16.0,1,RENT,5,11.356026010721697
17185,109104,17.8,13,MORTGAGE,21,11.600056834760434
7967,63039,16.5,13,RENT,12,11.05150886146178
10675,117505,18.6,9,RENT,16,11.674236164852479
15248,67219,16.4,4,RENT,33,11.115711224643595
13002,49426,20.0,11,RENT,25,10.808231880509911
10423,105916,25.8,1,MORTGAGE,14,11.570401606107291
9835,119186,25.2,13,RENT,33,11.688440577051205
31071,35122,14.9,12,MORTGAGE,29,10.4665829937358
14580,33972,18.8,11,OWN,18,10.4332919348999
20265,86793,18.3,14,RENT,12,11.371281252235155
34375,68890,9.5,2,OWN,31,11.140266308587242
24315,97506,20.9,6,MORTGAGE,29,11.487669193554064
33712,44288,10.8,12,MORTGAGE,11,10.698469038977342
16447,64016,15.6,3,RENT,17,11.066888331097017
20636,105520,19.4,14,OWN,21,11.566655787391197
25238,81693,25.1,12,RENT,6,11.310723597862847
24190,32198,6.6,5,RENT,17,10.37965961780224
32532,107258,25.1,4,MORTGAGE,16,11.582992426083004
18500,54058,23.7,7,OWN,21,10.897812823215625
14588,75539,23.5,11,MORTGAGE,22,11.232404358159233
26233,32469,9.2,7,RENT,18,10.388041066963256
7568,74247,15.0,13,RENT,14,11.215152651808276
5009,93416,26.0,9,MORTGAGE,17,11.44481791575555
8420,55522,14.1,1,MORTGAGE,23,10.924534617586627
25666,55053,12.6,10,RENT,7,10.916051636578784
9495,108757,7.6,14,RENT,22,11.596871314695504
25817,87545,24.7,4,MORTGAGE,31,11.379908225860417
30939,44388,13.2,4,MORTGAGE,35,10.700724441620455
34844,61575,12.4,1,MORTGAGE,28,11.028011222988738
8373,108945,25.6,12,RENT,31,11.598598446708378
20708,81356,21.8,13,RENT,6,11.306589865305385
19039,103794,18.5,12,RENT,33,11.550163444575032
10073,33430,27.6,4,RENT,11,10.417208979414145
5699,70806,17.1,3,RENT,34,11.167699021853803
34855,58746,24.9,1,RENT,28,10.980978344582127
8627,64832,25.6,8,MORTGAGE,18,11.079554587608355
23888,42984,14.4,7,MORTGAGE,7,10.668583232408658
5853,116143,14.7,13,MORTGAGE,34,11.662577469486179
34189,83625,19.3,7,RENT,9,11.33409779743053
7738,66062,10.6,5,MORTGAGE,31,11.098348973993602
6353,97889,5.8,10,RENT,19,11.491589462655233
13754,54917,8.8,10,MORTGAGE,22,10.913578233480955
33367,55150,9.0,5,RENT,8,10.917812024681648
29242,31605,8.6,12,RENT,16,10.3610706149064
19434,56737,5.0,13,MORTGAGE,22,10.94618183421212
19512,53019,12.1,11,RENT,8,10.878405618857906
33021,30235,25.3,2,RENT,14,10.316755472707314
16411,89201,9.5,12,RENT,7,11.398647529267592
23225,50079,11.6,13,RENT,35,10.821357037523498
23446,30055,19.5,8,MORTGAGE,29,10.310784315473262
19820,43046,21.5,14,RENT,7,10.670024590324125
14146,34757,18.5,6,RENT,6,10.456136269555778
15716,78302,28.4,3,RENT,29,11.268328424436847
5728,75028,11.7,6,MORTGAGE,21,11.225616656180232
10442,115230,21.4,5,RENT,20,11.65468541000806
22450,117312,20.9,14,RENT,25,11.672592331199377
6734,73872,10.8,1,RENT,6,11.210089144746771
17533,47327,20.5,7,OWN,11,10.76483623614599
25056,89129,27.0,8,MORTGAGE,24,11.397840037494898
5391,68638,13.3,11,MORTGAGE,33,11.1366015962082
20202,81226,24.6,6,RENT,7,11.30499067194197
27671,106325,21.1,3,MORTGAGE,36,11.574255720121835
22159,47144,5.5,14,OWN,11,10.760962026517749
15817,30846,19.4,14,MORTGAGE,30,10.33676236128356
5995,69749,14.9,9,MORTGAGE,16,11.152658362663274
26277,31759,17.0,8,RENT,8,10.365931428719277
11313,59192,18.6,4,MORTGAGE,13,10.988541676605386
30551,89494,21.8,8,OWN,13,11.40192686290958
18931,94323,7.3,5,RENT,35,11.45448034132121
31256,33020,14.8,9,MORTGAGE,35,10.40486871747412
13338,49029,18.4,2,OWN,11,10.800167238761167
26136,119563,13.1,5,RENT,24,11.69159870808709
20125,62921,23.8,14,MORTGAGE,8,11.04963525024363
24129,59241,6.7,3,MORTGAGE,31,10.98936914872542
16252,118236,13.0,8,MORTGAGE,18,11.680437906110475
8636,64531,28.9,9,MORTGAGE,31,11.07490100747803
18168,32443,20.4,3,RENT,22,10.387239982375185
10530,31342,19.7,10,MORTGAGE,34,10.352714330083161
18296,116123,8.8,6,MORTGAGE,25,11.662405253147588
29538,56069,10.8,1,MORTGAGE,13,10.93433835410938
27912,89207,22.9,8,MORTGAGE,5,11.398714790825396
32509,31007,7.8,4,RENT,26,10.341968264428457
25583,52116,12.5,6,MORTGAGE,24,10.861227282322822
5404,68827,15.7,14,MORTGAGE,9,11.139351388796735
25880,75765,19.4,4,RENT,8,11.235391723570263
22429,57696,23.0,10,RENT,28,10.962943126003044
28776,50128,21.2,12,MORTGAGE,20,10.822335013191973
24830,46241,18.3,3,RENT,15,10.741622129409992
13004,41302,5.1,14,RENT,34,10.628666203926738
28289,97957,25.8,2,MORTGAGE,14,11.492283885852363
13666,74238,13.1,8,RENT,19,11.21503142744203
16312,102847,17.7,2,MORTGAGE,25,11.540997725963418
11184,68518,11.3,4,RENT,7,11.134851763453977
20761,91246,27.0,2,MORTGAGE,7,11.42131443486749
25159,36540,6.5,11,RENT,34,10.506162829931998
30567,70809,7.1,14,MORTGAGE,14,11.167741390246988
12560,96358,9.7,14,OWN,19,11.475825701013202
25224,102274,19.6,13,RENT,8,11.5354107651893
16151,81474,19.0,9,MORTGAGE,33,11.30803922992685
7539,47674,24.7,6,RENT,16,10.772141454894674
21048,88606,28.4,9,RENT,5,11.391954854390564
23141,57446,11.4,3,MORTGAGE,26,10.958600655091384
28093,86373,10.5,10,RENT,22,11.366430405953848
27399,109026,26.8,5,MORTGAGE,13,11.599341664877112
16284,64816,29.6,14,RENT,28,11.079307765442472
15230,31828,26.9,9,OWN,33,10.368101684497425
17685,84553,5.4,11,MORTGAGE,28,11.345133835660592
23032,43718,15.6,12,MORTGAGE,31,10.685515195589948
6214,72534,8.1,10,MORTGAGE,17,11.191810696430046
10052,36737,7.6,13,OWN,28,10.511539700563102
28574,109083,26.7,6,MORTGAGE,29,11.599864339331607
28322,72520,23.9,14,MORTGAGE,33,11.191617664868787
13120,114291,23.1,9,MORTGAGE,19,11.646503106525254
30031,79708,23.3,11,RENT,17,11.286125236152476
5384,112879,12.1,4,RENT,24,11.634071727522182
6810,41303,13.9,9,MORTGAGE,19,10.628690415536205
30819,94077,8.1,7,RENT,8,11.451868874868927
13155,44382,16.1,5,MORTGAGE,27,10.700589260815923
27823,35240,16.6,7,OWN,8,10.469937080050116
20934,101158,28.5,3,MORTGAGE,13,11.524438929928118
28893,90774,6.2,1,RENT,29,11.41612817997289
8719,57082,14.0,14,RENT,29,10.952244109519334
12455,115595,21.4,3,RENT,8,11.657847981689837
33319,72929,7.7,8,RENT,9,11.197241644105853
30351,36640,25.0,9,OWN,18,10.508895818788067
28723,63536,24.4,4,OWN,12,11.059361953371033
18923,110097,13.6,10,OWN,21,11.609117074383136
6060,41485,5.4,1,OWN,7,10.633087195098385
7557,83173,29.4,5,RENT,24,11.328678054910771
27301,34494,11.9,12,OWN,13,10.448540674851346
13808,110765,22.1,7,OWN,35,11.615166118916775
26972,80948,28.7,8,RENT,14,11.30156225219155
32353,102101,26.5,13,MORTGAGE,27,11.533717798424087
32122,32983,14.3,10,RENT,18,10.403747556197336
23431,67441,25.5,9,RENT,35,11.119008420561059
19207,86264,7.3,1,RENT,9,11.365167640561909
25454,75420,18.9,8,MORTGAGE,13,11.230827770812349
8913,96150,13.1,9,MORTGAGE,30,11.473664751016926
9360,84842,23.3,8,MORTGAGE,33,11.348545982186712
8627,88067,12.2,6,OWN,7,11.385853167406443
22043,96656,24.2,10,MORTGAGE,29,11.478913562378523
9312,116988,16.3,13,MORTGAGE,5,11.669826644417272
34910,87091,14.9,4,MORTGAGE,28,11.374708827995418
29703,60678,20.5,11,RENT,24,11.013336473130225
12266,69110,18.3,8,RENT,28,11.14345471708544
33666,115451,22.0,11,OWN,10,11.656601476503466
7427,103543,26.9,5,RENT,12,11.54774226434559
24255,62196,29.5,2,RENT,22,11.038045967977707
25147,100792,11.2,7,RENT,22,11.520814266390465
34984,87134,21.4,11,RENT,6,11.37520244258429
7911,62265,12.8,9,MORTGAGE,29,11.039154749155248
17323,53236,21.3,3,RENT,23,10.882490138206446
10895,105452,28.9,6,RENT,15,11.566011152061817
26352,65400,11.9,5,MORTGAGE,13,11.08827753744529
31272,74327,20.9,3,MORTGAGE,18,11.216229556350545
20158,74859,24.7,11,OWN,17,11.223361623100429
18407,98247,5.3,12,RENT,7,11.49523999491418
9555,67148,14.9,12,MORTGAGE,22,11.114654417442305
27700,102545,14.5,12,MORTGAGE,28,11.538057005607833
16964,68765,15.8,12,RENT,28,11.138450173548808
28322,64529,29.3,10,RENT,17,11.074870014141595
31967,79922,19.3,4,MORTGAGE,16,11.288806438034339
34749,85961,7.6,6,OWN,8,11.361648984006603
17144,119431,29.4,3,MORTGAGE,18,11.690494077733003
26980,34425,20.7,4,MORTGAGE,18,10.446538323596856
6218,100835,24.7,8,RENT,26,11.521240796573942
20422,48030,10.9,10,RENT,24,10.77958109465887
30285,64387,16.1,8,RENT,22,11.07266702836126
26042,85393,20.4,9,MORTGAGE,32,11.35501940920405
11799,34263,5.3,7,MORTGAGE,22,10.441821333718718
5189,95215,8.1,6,OWN,8,11.463892771392917
23711,68565,20.1,1,OWN,19,11.135537479433955
10988,92187,10.6,13,MORTGAGE,14,11.431574401772753
14474,69809,19.9,9,RENT,34,11.15351822026652
21244,61987,20.9,4,MORTGAGE,19,11.034679964622491
30380,112152,5.9,8,RENT,31,11.627610373048372
9910,67311,13.4,11,MORTGAGE,9,11.117078949527887
32643,88066,25.7,3,MORTGAGE,29,11.38584181235089
28654,40916,19.0,8,MORTGAGE,24,10.619276463576899
7489,100855,23.7,13,MORTGAGE,12,11.521439120735433
26976,50618,26.7,6,RENT,18,10.832062523243502
18807,51754,18.9,9,RENT,17,10.854257002826525
33499,66244,29.5,9,MORTGAGE,11,11.101100173709382
31382,111317,28.8,7,MORTGAGE,28,11.620137265941437
9142,91396,27.5,11,MORTGAGE,21,11.422956992808436
33605,95545,20.8,2,MORTGAGE,8,11.467352619675472
6636,88596,28.9,2,MORTGAGE,31,11.391841988847165
9737,30077,20.4,1,MORTGAGE,24,10.311516039047453
24087,93888,19.4,2,RENT,18,11.449857861502654
32812,55559,11.4,13,OWN,12,10.92520079814619
19565,79840,13.1,6,RENT,12,11.287779910985346
10791,101520,25.0,2,MORTGAGE,18,11.52801110238827
34299,33797,9.3,1,RENT,21,10.42812732013549
21364,57935,16.8,12,MORTGAGE,26,10.967076971431164
14907,53752,6.0,7,RENT,17,10.892136154599985
9499,57632,13.3,13,MORTGAGE,19,10.961833247975683
25764,104910,22.4,5,RENT,6,11.56085811872553
24483,40267,14.0,2,MORTGAGE,30,10.603287553926174
26472,78770,23.9,11,RENT,8,11.27428749269737
13335,70042,17.4,9,OWN,13,11.156850341103464
26633,69711,25.6,1,MORTGAGE,10,11.152113403521723
12543,99346,22.5,9,RENT,23,11.506363985468383
32716,112856,8.6,6,MORTGAGE,11,11.633867948754338
11585,35415,23.7,1,RENT,19,10.474890738187723
31531,41637,7.0,4,RENT,24,10.63674447402395
24778,85106,22.3,6,MORTGAGE,21,11.35165281736398
23070,103506,17.0,9,RENT,9,11.547384861021799
33074,84237,22.6,1,OWN,35,11.341389533638104
29244,60448,18.6,6,RENT,29,11.009538770301235
21779,78280,12.9,14,RENT,27,11.268047421510012
24492,86942,11.8,5,OWN,13,11.372996508649017
28792,107149,9.7,11,MORTGAGE,12,11.58197566814702
27238,104055,10.8,10,RENT,33,11.552674884487512
16653,63434,9.4,5,MORTGAGE,33,11.057755274282396
8444,36645,11.9,8,RENT,23,10.509032272359951
33251,68709,17.2,9,MORTGAGE,26,11.13763547399693
19098,116145,7.8,3,MORTGAGE,17,11.662594689488934
18992,79688,7.9,11,RENT,13,11.285874288825001
18986,97067,16.2,14,MORTGAGE,22,11.483156740696597
13716,43859,11.7,5,MORTGAGE,10,10.688735221894358
25227,58732,26.2,10,MORTGAGE,23,10.980740002082829
18479,47850,5.6,4,MORTGAGE,19,10.7758263968811
6081,41046,11.8,4,RENT,33,10.622448667989053
28333,62049,5.5,7,OWN,13,11.035679674467433
6154,82329,16.2,3,MORTGAGE,14,11.318478693977967
30742,47771,12.0,3,RENT,16,10.774174039805262
29067,57952,21.7,5,RENT,16,10.96737036068314
17775,104478,11.5,6,RENT,33,11.556731801907437
15188,32719,23.5,12,RENT,7,10.395711227902456
10390,83330,21.3,8,RENT,21,11.330563907376252
19262,49250,18.0,6,RENT,31,10.804664646600235
25463,80072,20.8,8,MORTGAGE,17,11.290681508898855
27118,75106,8.7,9,RENT,17,11.22665572803628
32663,59711,8.1,5,MORTGAGE,10,10.997271537014264
28769,90004,14.9,10,RENT,8,11.407609392769222
32759,49256,8.0,3,OWN,11,10.804786466591047
10320,47482,9.2,13,RENT,19,10.768105970835613
25872,105703,19.5,14,MORTGAGE,35,11.568388553669374
8987,71914,12.0,7,MORTGAGE,10,11.183226239636436
26777,100173,19.9,10,RENT,22,11.514653970243899
28410,69214,8.2,14,MORTGAGE,21,11.144958433282149
34419,49758,25.6,12,RENT,34,10.814926533679259
13006,97661,12.8,12,MORTGAGE,7,11.489257577170026
33178,113624,16.2,12,OWN,8,11.640650030560964
10644,85619,5.3,6,RENT,30,11.357662500116598
16835,106077,13.6,13,RENT,26,11.5719205244768
28833,115530,6.9,2,OWN,27,11.657285515477064
9804,58602,29.3,12,RENT,11,10.978524104675532
34127,81745,24.8,5,MORTGAGE,34,11.311359924809512
5876,78756,15.6,8,OWN,25,11.274109744261724
32384,81184,24.6,6,MORTGAGE,34,11.304473462399008
23017,115553,29.7,13,OWN,35,11.657484578152172
5502,92981,17.0,2,RENT,28,11.440150450187817
13571,80428,15.9,12,RENT,17,11.295117653245537
24166,71844,14.8,4,MORTGAGE,26,11.182252380713352
33153,64157,24.7,10,RENT,28,11.069088483342464
34855,57306,19.8,12,RENT,29,10.956160609262792
19191,97364,26.1,1,RENT,17,11.486211811451804
