loan_amnt,annual_inc,dti,open_acc,earliest_cr_line,loan_status,home_ownership
28654,40916,19.0,8,2001-08-16 15:30:44,Fully Paid,MORTGAGE
20795,34809,10.6,13,1991-03-26 07:18:33,Default,RENT
5860,62201,9.0,7,1994-09-08 01:40:51,Fully Paid,MORTGAGE
10390,83330,21.3,8,2004-07-26 10:58:44,Fully Paid,RENT
34802,43456,13.1,12,2007-04-14 11:39:07,Fully Paid,RENT
26575,86397,19.8,6,2013-12-24 15:42:55,Fully Paid,RENT
16964,68765,15.8,12,1997-01-28 10:51:07,Fully Paid,RENT
16284,64816,29.6,14,1997-06-14 19:01:18,Fully Paid,RENT
27118,75106,8.7,9,2008-04-15 06:07:38,Fully Paid,RENT
11265,83932,16.6,3,1996-04-08 11:49:40,Fully Paid,RENT
21850,47100,22.0,10,2020-03-23 10:49:59,Fully Paid,RENT
34910,87091,14.9,4,1997-11-27 03:16:57,Default,MORTGAGE
9426,51949,29.4,13,1999-10-03 17:38:03,Default,RENT
26962,100080,23.0,6,2014-03-18 20:47:35,Default,RENT
19423,67744,21.4,8,2003-05-06 16:45:53,Fully Paid,MORTGAGE
33020,75543,23.9,5,1991-12-31 22:14:14,Fully Paid,RENT
16363,66187,28.8,3,1997-12-06 21:18:39,Fully Paid,MORTGAGE
32495,37239,27.7,6,2002-12-26 07:46:34,Fully Paid,RENT
21023,44489,23.1,4,1990-07-09 22:43:33,Fully Paid,RENT
13322,88017,23.7,9,2014-04-28 07:48:52,Fully Paid,MORTGAGE
6685,91877,8.6,13,1993-12-21 00:53:12,Fully Paid,MORTGAGE
5769,73125,7.6,3,2010-10-16 23:01:48,Fully Paid,MORTGAGE
31967,79922,19.3,4,2009-09-08 05:34:35,Default,MORTGAGE
28333,62049,5.5,7,2012-02-09 15:19:40,Fully Paid,OWN
7433,67131,17.1,7,1990-01-23 00:15:40,Fully Paid,RENT
10311,72944,10.3,12,2006-02-16 19:07:53,Fully Paid,RENT
10051,103963,13.7,12,2010-08-09 07:04:03,Fully Paid,RENT
11420,54285,24.4,4,1995-04-17 23:32:24,Fully Paid,RENT
22568,67626,28.5,6,2010-12-07 18:55:49,Default,MORTGAGE
25939,72808,6.8,12,2010-02-13 23:57:43,Default,MORTGAGE
24769,118464,18.4,13,2013-01-27 10:23:22,Fully Paid,RENT
33693,83871,27.1,3,2017-11-17 23:58:25,Default,OWN
11396,49198,7.1,6,1996-02-11 13:16:15,Default,MORTGAGE
34419,49758,25.6,12,1991-09-25 07:50:48,Default,RENT
32480,45254,13.9,2,1991-07-02 04:58:04,Default,RENT
13666,74238,13.1,8,2006-07-26 22:28:00,Fully Paid,RENT
30658,31252,29.4,2,2008-06-07 22:33:38,Fully Paid,RENT
23942,69764,10.0,11,2009-05-22 15:14:27,Fully Paid,RENT
29233,107709,22.3,7,2002-05-07 19:12:19,Fully Paid,MORTGAGE
23431,67441,25.5,9,1990-08-01 00:19:00,Default,RENT
7747,83682,6.0,1,1994-06-10 10:43:41,Fully Paid,RENT
30551,89494,21.8,8,2012-12-03 12:33:38,Default,OWN
31382,111317,28.8,7,1997-11-08 10:16:02,Default,MORTGAGE
5189,95215,8.1,6,2017-05-07 05:09:04,Default,OWN
24118,108587,27.4,6,2016-06-14 22:53:26,Default,RENT
8005,36949,19.9,6,2000-06-30 18:50:02,Fully Paid,RENT
26042,85393,20.4,9,1993-06-23 23:52:57,Fully Paid,MORTGAGE
6899,103553,20.3,2,2004-07-31 00:31:09,Fully Paid,RENT
29118,36941,12.5,1,2006-08-11 14:52:00,Fully Paid,RENT
6267,55934,28.4,13,1995-02-10 13:48:01,Fully Paid,MORTGAGE
22912,53386,28.7,12,1990-02-19 18:41:55,Fully Paid,MORTGAGE
16394,91886,20.6,6,2008-07-21 15:53:00,Default,RENT
8556,105745,24.6,10,1998-09-21 03:17:39,Fully Paid,RENT
8890,113251,20.3,11,2000-01-19 16:03:00,Fully Paid,RENT
13838,83413,17.1,8,2004-10-11 11:09:14,Fully Paid,RENT
32464,86800,21.5,3,2012-07-16 05:08:33,Fully Paid,RENT
19502,72318,18.8,12,2011-04-27 04:08:35,Fully Paid,RENT
26777,100173,19.9,10,2003-03-29 09:37:04,Default,RENT
15627,100390,24.6,1,2010-09-20 17:06:08,Fully Paid,OWN
13792,82329,17.0,9,2016-01-29 03:17:13,Default,MORTGAGE
15555,73088,6.0,13,2007-05-02 21:09:45,Fully Paid,MORTGAGE
15253,69811,9.1,13,2012-11-24 05:02:36,Default,RENT
13433,85479,16.0,1,2020-07-15 14:30:43,Fully Paid,RENT
15233,115392,23.1,3,2003-11-09 16:31:47,Fully Paid,RENT
16016,117369,19.8,8,1993-09-29 23:40:06,Fully Paid,RENT
28897,49963,21.3,14,1990-10-24 04:03:21,Default,RENT
7612,85123,17.0,3,2002-03-23 18:51:38,Fully Paid,MORTGAGE
28425,103477,20.4,13,2020-01-22 15:37:46,Fully Paid,MORTGAGE
30939,44388,13.2,4,1990-03-30 02:17:12,Default,MORTGAGE
27619,35569,16.8,8,1995-04-20 05:15:20,Default,RENT
26870,99836,23.6,1,1994-11-26 12:07:21,Fully Paid,OWN
28483,66586,26.8,13,2018-01-30 05:27:28,Default,RENT
31054,42015,15.8,13,2013-11-06 07:43:12,Fully Paid,RENT
20787,75002,6.1,6,2010-03-02 23:09:09,Fully Paid,RENT
32132,36254,9.0,1,2005-11-22 16:27:13,Fully Paid,MORTGAGE
22159,47144,5.5,14,2014-06-09 11:24:39,Default,OWN
17206,54214,21.3,1,1994-06-03 12:39:08,Default,RENT
13226,110719,13.3,14,2020-08-10 08:28:24,Fully Paid,MORTGAGE
19541,101774,18.6,8,2017-04-13 21:06:36,Fully Paid,MORTGAGE
8152,36090,17.3,11,2014-09-08 11:32:19,Fully Paid,RENT
31531,41637,7.0,4,2001-02-09 11:11:00,Default,RENT
6585,52415,15.1,12,2019-10-30 11:56:47,Default,RENT
8943,54071,10.5,1,2015-05-26 15:23:54,Fully Paid,OWN
28939,88243,15.5,10,1998-08-14 21:14:31,Default,RENT
24457,71240,10.1,7,2000-11-25 05:42:10,Default,MORTGAGE
6021,113807,26.0,5,2014-02-27 15:56:04,Fully Paid,RENT
16653,63434,9.4,5,1992-04-10 01:56:50,Fully Paid,MORTGAGE
15805,99724,29.0,1,2000-05-22 19:17:31,Fully Paid,RENT
18417,105697,15.4,14,1991-03-13 06:28:41,Fully Paid,MORTGAGE
25227,58732,26.2,10,2002-03-16 00:08:18,Fully Paid,MORTGAGE
12989,41314,20.7,11,1994-06-04 09:19:14,Fully Paid,MORTGAGE
14692,53954,23.4,6,2009-07-29 01:12:12,Default,MORTGAGE
17990,87108,24.2,14,2004-01-10 15:54:35,Fully Paid,RENT
11873,117044,17.6,9,2014-07-06 23:05:42,Fully Paid,MORTGAGE
10675,117505,18.6,9,2009-08-11 23:11:42,Fully Paid,RENT
5161,66668,17.8,8,2010-12-05 07:55:34,Fully Paid,RENT
9297,53061,19.7,5,2016-09-26 21:44:38,Fully Paid,MORTGAGE
31557,109252,5.7,1,2003-01-17 16:58:01,Fully Paid,RENT
5995,69749,14.9,9,2009-05-27 14:35:19,Fully Paid,MORTGAGE
34487,46907,20.2,1,2010-07-18 08:32:04,Fully Paid,OWN
16534,48777,19.9,8,2013-01-23 07:19:48,Fully Paid,RENT
34127,81745,24.8,5,1991-10-14 14:53:01,Fully Paid,MORTGAGE
12629,111818,21.4,3,1994-02-18 11:26:59,Default,RENT
33374,53624,29.8,11,1999-12-16 20:16:22,Fully Paid,RENT
30851,53321,12.1,7,2020-10-21 05:02:33,Fully Paid,RENT
6016,40488,14.0,7,2008-11-26 03:09:07,Default,OWN
29253,52574,14.6,9,1996-01-22 09:27:13,Fully Paid,MORTGAGE
27823,35240,16.6,7,2017-11-09 16:53:07,Fully Paid,OWN
29276,73221,25.9,13,2017-10-29 19:20:12,Default,OWN
28247,40478,10.9,11,2002-05-28 02:41:32,Fully Paid,RENT
29300,85645,24.4,14,1990-09-21 21:58:31,Fully Paid,RENT
13529,49262,15.1,3,2015-05-02 20:46:32,Default,MORTGAGE
22262,82796,20.0,11,1996-03-21 11:52:15,Default,RENT
14268,34432,20.8,13,2001-02-06 14:28:34,Default,RENT
26271,94291,14.3,14,2002-10-07 22:42:55,Fully Paid,RENT
17185,109104,17.8,13,2004-04-18 01:54:46,Fully Paid,MORTGAGE
26243,89399,15.3,1,1994-06-19 23:24:29,Fully Paid,MORTGAGE
11331,109714,6.7,8,2018-03-08 19:03:55,Fully Paid,RENT
13571,80428,15.9,12,2008-07-07 16:59:25,Fully Paid,RENT
30068,117731,7.4,3,1999-09-08 07:08:40,Fully Paid,MORTGAGE
12208,30302,15.1,12,2005-07-25 13:55:38,Default,MORTGAGE
10276,112558,19.8,8,1999-05-24 09:15:47,Fully Paid,RENT
23446,30055,19.5,8,1996-02-27 23:34:17,Fully Paid,MORTGAGE
33460,38717,21.6,13,2015-12-19 22:47:42,Fully Paid,RENT
21448,58699,7.4,5,2007-08-17 07:25:22,Fully Paid,RENT
21216,103686,21.3,13,1990-12-11 00:24:04,Fully Paid,MORTGAGE
13006,97661,12.8,12,2018-08-01 06:36:48,Fully Paid,MORTGAGE
7568,74247,15.0,13,2011-09-12 10:00:34,Fully Paid,RENT
26847,46748,26.4,1,2002-12-09 02:41:50,Fully Paid,MORTGAGE
34824,34621,5.2,13,1998-04-15 06:58:31,Default,MORTGAGE
7027,45034,19.7,10,2000-06-12 02:27:38,Default,MORTGAGE
7695,35126,20.0,7,2001-09-06 10:19:19,Fully Paid,MORTGAGE
31071,35122,14.9,12,1996-06-26 06:14:22,Fully Paid,MORTGAGE
20422,48030,10.9,10,2001-03-09 17:43:24,Default,RENT
10258,112838,10.9,5,2020-11-10 18:21:23,Default,RENT
27002,114717,27.1,8,2016-05-08 19:20:01,Fully Paid,RENT
11736,85658,16.1,9,1993-04-03 09:14:04,Default,RENT
5391,68638,13.3,11,1992-11-16 00:30:15,Fully Paid,MORTGAGE
18986,97067,16.2,14,2003-12-19 09:40:39,Default,MORTGAGE
34090,118869,21.7,7,2011-01-18 17:27:05,Default,RENT
17666,64674,8.6,14,2000-03-06 17:23:15,Fully Paid,RENT
10892,65854,16.2,13,2010-08-19 19:57:54,Default,RENT
8561,76271,19.7,7,1992-02-18 10:23:29,Fully Paid,RENT
31854,103688,28.7,1,2007-02-18 16:22:16,Default,MORTGAGE
11184,68518,11.3,4,2019-01-11 21:14:24,Fully Paid,RENT
24483,40267,14.0,2,1995-04-28 09:37:26,Default,MORTGAGE
27662,31062,14.5,2,1996-03-07 00:13:40,Fully Paid,OWN
13392,80448,20.1,2,1994-06-03 05:07:03,Fully Paid,RENT
18067,36229,13.9,4,1995-06-13 20:41:23,Fully Paid,RENT
20265,86793,18.3,14,2013-11-06 15:21:58,Default,RENT
24488,77915,24.5,1,2014-08-21 01:18:36,Default,MORTGAGE
28599,34632,22.6,4,1995-02-11 16:03:16,Default,MORTGAGE
34174,33596,16.2,2,2009-04-21 02:35:10,Default,RENT
7454,36168,26.6,5,2007-05-28 07:02:21,Fully Paid,MORTGAGE
16837,37561,19.0,3,1996-05-10 11:53:24,Fully Paid,MORTGAGE
19039,103794,18.5,12,1992-02-12 19:59:57,Fully Paid,RENT
30380,112152,5.9,8,1994-05-11 19:21:12,Fully Paid,RENT
24115,56734,29.7,4,1990-01-01 13:52:56,Fully Paid,MORTGAGE
15965,36371,8.1,1,2002-04-23 08:29:48,Fully Paid,MORTGAGE
29538,56069,10.8,1,2012-09-02 00:46:48,Fully Paid,MORTGAGE
14762,109905,6.3,12,1998-05-07 18:40:59,Fully Paid,MORTGAGE
10056,42910,21.0,10,1993-01-23 23:41:41,Fully Paid,MORTGAGE
19948,103479,10.6,3,2005-04-08 07:29:09,Fully Paid,RENT
13110,107735,9.5,9,1997-06-08 21:23:48,Default,MORTGAGE
18773,111264,7.2,7,2020-05-14 18:23:52,Default,OWN
32266,53275,7.6,2,2020-05-12 06:36:57,Default,MORTGAGE
25224,102274,19.6,13,2017-04-18 21:41:59,Fully Paid,RENT
22412,111449,22.2,9,2020-10-10 18:01:42,Fully Paid,RENT
28769,90004,14.9,10,2017-09-15 22:27:50,Default,RENT
5502,92981,17.0,2,1997-05-18 05:35:33,Fully Paid,RENT
11910,114659,22.1,3,1991-05-17 14:33:56,Fully Paid,RENT
17685,84553,5.4,11,1997-05-05 11:55:40,Fully Paid,MORTGAGE
30446,78447,13.1,13,2015-07-08 18:39:15,Fully Paid,MORTGAGE
28322,64529,29.3,10,2008-01-25 06:17:35,Fully Paid,RENT
25872,105703,19.5,14,1990-03-15 06:20:34,Fully Paid,MORTGAGE
5206,106090,11.4,2,1997-01-24 00:14:13,Fully Paid,RENT
26518,47260,18.0,3,2016-01-05 13:29:39,Fully Paid,RENT
27361,33812,13.6,6,2019-07-07 10:45:47,Fully Paid,RENT
29105,58024,18.3,9,1998-03-06 19:38:51,Default,MORTGAGE
28419,88656,8.1,9,2020-07-11 16:32:37,Fully Paid,RENT
22868,57285,8.3,7,2012-03-11 02:52:46,Fully Paid,RENT
29242,31605,8.6,12,2009-02-21 00:47:31,Default,RENT
20934,101158,28.5,3,2012-08-02 02:47:04,Fully Paid,MORTGAGE
22247,102303,23.3,4,2003-05-25 18:02:44,Fully Paid,RENT
24174,57139,9.1,6,1991-03-27 19:39:56,Fully Paid,MORTGAGE
28792,107149,9.7,11,2013-06-30 10:39:18,Fully Paid,MORTGAGE
13755,86138,23.3,5,2004-12-02 18:53:45,Fully Paid,MORTGAGE
26500,106125,8.9,2,1997-03-16 05:01:37,Default,OWN
17383,43918,10.9,13,2009-11-16 17:27:57,Fully Paid,RENT
27403,115655,29.1,6,2000-03-31 22:35:41,Fully Paid,RENT
23141,57446,11.4,3,1999-04-05 15:04:04,Fully Paid,MORTGAGE
19820,43046,21.5,14,2018-12-09 11:08:08,Fully Paid,RENT
12574,54818,29.5,8,1990-05-20 20:45:35,Fully Paid,MORTGAGE
11374,34324,14.4,2,1999-02-02 15:00:42,Fully Paid,MORTGAGE
28276,106323,5.4,1,1992-12-01 17:13:22,Fully Paid,MORTGAGE
6678,39111,11.1,9,2014-09-20 01:54:21,Fully Paid,OWN
24626,68110,25.8,14,2007-01-23 12:06:16,Fully Paid,OWN
26020,46389,26.6,12,2006-06-18 00:14:53,Fully Paid,MORTGAGE
6059,71427,24.2,3,2001-11-02 00:57:19,Default,RENT
28052,109579,7.8,11,2010-09-05 23:42:50,Fully Paid,MORTGAGE
34855,58746,24.9,1,1997-09-19 06:00:21,Fully Paid,RENT
21198,117886,28.0,7,2011-03-14 10:22:27,Fully Paid,RENT
14914,30117,20.0,13,2020-01-04 12:56:47,Default,MORTGAGE
32890,114471,28.5,10,1990-07-31 04:22:15,Fully Paid,RENT
24541,43234,25.7,5,1991-09-13 12:39:49,Fully Paid,RENT
27299,83441,21.7,5,2009-06-28 06:31:48,Default,RENT
15817,30846,19.4,14,1995-10-13 05:52:53,Default,MORTGAGE
15921,40954,13.7,1,2002-05-03 15:09:08,Fully Paid,MORTGAGE
14789,109239,9.0,9,2010-05-12 17:28:39,Fully Paid,MORTGAGE
21312,76514,20.1,7,2011-12-01 01:29:20,Default,RENT
16252,118236,13.0,8,2007-10-15 14:51:59,Default,MORTGAGE
7693,36469,26.7,9,2000-09-05 01:26:18,Default,MORTGAGE
34467,60105,29.8,6,2012-05-20 20:00:54,Fully Paid,RENT
34723,72101,23.8,12,1996-01-21 22:56:30,Fully Paid,RENT
18931,94323,7.3,5,1990-07-10 09:00:25,Fully Paid,RENT
8627,88067,12.2,6,2018-06-28 09:28:41,Default,OWN
30939,79376,7.7,11,1992-10-24 13:54:39,Fully Paid,MORTGAGE
21157,75587,21.3,2,2012-10-09 14:05:46,Fully Paid,OWN
15173,66976,24.1,4,1992-08-03 11:18:57,Default,RENT
26834,97584,28.1,3,1994-03-03 17:03:58,Fully Paid,MORTGAGE
23047,108477,16.0,13,1992-05-24 17:12:29,Default,MORTGAGE
31105,72533,27.5,7,2001-05-27 08:49:12,Fully Paid,MORTGAGE
15230,31828,26.9,9,1992-07-25 21:02:08,Fully Paid,OWN
20707,31917,12.9,5,2017-07-10 11:59:06,Fully Paid,RENT
26976,50618,26.7,6,2007-06-25 11:47:43,Default,RENT
16494,62254,14.4,10,1995-10-10 19:46:17,Fully Paid,MORTGAGE
31813,77362,12.4,14,1992-02-01 20:47:52,Fully Paid,MORTGAGE
28776,50128,21.2,12,2005-03-16 03:31:28,Default,MORTGAGE
6306,89383,13.2,12,2003-10-28 06:29:23,Fully Paid,RENT
33605,95545,20.8,2,2017-02-10 17:09:03,Fully Paid,MORTGAGE
11776,112180,20.2,3,1996-05-03 12:08:19,Fully Paid,RENT
32251,117958,19.1,3,2007-12-27 16:25:18,Fully Paid,RENT
34644,39865,14.5,12,2019-03-09 01:59:52,Fully Paid,MORTGAGE
27248,32219,18.7,12,2007-09-08 10:05:46,Fully Paid,MORTGAGE
14474,69809,19.9,9,1991-03-24 15:43:16,Fully Paid,RENT
12526,35287,18.6,7,1998-03-07 04:11:16,Fully Paid,RENT
30285,64387,16.1,8,2003-12-15 02:18:13,Fully Paid,RENT
26959,38512,5.4,11,1994-03-08 16:31:44,Fully Paid,RENT
10530,31342,19.7,10,1991-11-20 17:00:48,Fully Paid,MORTGAGE
34320,93076,9.2,11,2018-05-18 01:54:06,Fully Paid,OWN
25797,49216,21.1,9,1991-03-18 22:51:04,Fully Paid,RENT
8748,109767,24.0,6,2013-06-03 14:26:58,Fully Paid,MORTGAGE
18545,56614,17.5,4,2006-03-27 11:29:39,Fully Paid,MORTGAGE
34355,66258,18.6,12,2020-04-09 13:23:28,Default,MORTGAGE
5663,72078,28.8,1,2014-11-24 05:51:36,Fully Paid,RENT
6998,113524,26.2,8,2017-01-22 01:55:10,Default,OWN
12994,42219,27.9,7,2000-07-19 20:38:47,Default,RENT
33021,30235,25.3,2,2011-08-24 04:12:49,Fully Paid,RENT
33319,72929,7.7,8,2016-11-03 07:57:27,Fully Paid,RENT
22879,97444,8.7,12,2014-07-11 13:54:22,Fully Paid,RENT
8304,38567,18.2,5,2019-03-04 05:38:39,Default,RENT
25147,100792,11.2,7,2003-05-16 06:54:30,Fully Paid,RENT
26616,95441,16.9,4,2018-10-25 11:11:54,Fully Paid,RENT
23237,114555,14.9,5,1997-04-14 09:35:01,Fully Paid,MORTGAGE
18808,103698,18.7,8,2013-04-10 04:24:32,Default,MORTGAGE
11585,35415,23.7,1,2006-08-11 04:02:54,Default,RENT
34235,66159,22.9,1,2016-06-26 09:23:34,Fully Paid,MORTGAGE
22675,73925,18.0,4,2007-01-12 00:14:49,Fully Paid,MORTGAGE
24965,35951,25.6,3,2003-09-04 11:18:20,Fully Paid,MORTGAGE
16649,117388,15.8,13,2005-03-15 04:26:37,Fully Paid,RENT
28938,38007,27.4,10,2002-11-16 19:04:24,Default,MORTGAGE
28664,71832,6.8,12,1993-04-11 14:31:44,Fully Paid,OWN
6636,88596,28.9,2,1994-03-14 22:54:25,Fully Paid,MORTGAGE
25080,60523,21.4,12,1997-10-08 00:14:50,Fully Paid,RENT
32575,118861,14.5,3,1997-01-23 17:30:16,Default,MORTGAGE
32728,116740,9.9,11,2016-07-28 11:07:08,Default,MORTGAGE
22082,45524,17.0,11,2009-05-08 07:56:56,Fully Paid,MORTGAGE
31736,49282,9.9,14,2002-12-23 11:22:52,Default,RENT
33673,53930,9.2,11,2019-01-16 20:10:45,Fully Paid,RENT
9737,30077,20.4,1,2001-08-26 17:14:45,Fully Paid,MORTGAGE
19555,50611,18.1,1,2012-06-23 11:04:51,Fully Paid,MORTGAGE
18877,46984,21.8,6,2011-05-31 17:33:40,Fully Paid,RENT
5854,44060,28.2,5,2004-07-01 23:51:30,Fully Paid,OWN
29548,112985,18.3,8,2006-03-07 06:40:16,Default,RENT
10855,114056,19.5,2,2017-05-19 04:59:42,Fully Paid,MORTGAGE
12392,73303,7.2,4,1992-01-02 16:37:04,Fully Paid,MORTGAGE
27912,89207,22.9,8,2020-11-26 01:15:55,Fully Paid,MORTGAGE
33050,105046,15.0,12,2013-04-13 04:54:07,Fully Paid,OWN
18949,59287,29.4,6,1998-06-13 15:43:42,Default,RENT
26633,69711,25.6,1,2015-03-23 12:24:12,Fully Paid,MORTGAGE
26556,41954,18.1,4,2016-10-28 10:19:34,Fully Paid,RENT
23091,103340,8.1,1,1996-09-17 04:51:11,Default,MORTGAGE
32353,102101,26.5,13,1998-06-09 05:49:04,Fully Paid,MORTGAGE
10791,101520,25.0,2,2007-10-07 01:41:22,Fully Paid,MORTGAGE
31309,117062,9.6,5,2012-03-10 12:43:58,Fully Paid,RENT
26919,48574,12.4,14,1990-11-28 16:46:27,Fully Paid,MORTGAGE
9931,39184,24.8,8,1994-12-05 19:01:51,Default,RENT
24894,49096,9.6,8,2008-09-05 02:26:39,Default,RENT
5202,97728,27.9,11,2011-04-24 05:55:15,Fully Paid,MORTGAGE
16447,64016,15.6,3,2008-04-14 19:48:33,Default,RENT
25602,41246,7.2,11,1992-03-09 10:33:20,Fully Paid,MORTGAGE
17688,75558,25.4,13,1993-06-06 08:54:42,Fully Paid,RENT
30342,48381,14.3,4,1994-05-19 05:48:26,Fully Paid,RENT
9389,66455,18.2,10,2002-02-11 01:57:07,Fully Paid,MORTGAGE
7327,34018,7.8,11,2006-12-06 02:29:54,Fully Paid,MORTGAGE
13004,41302,5.1,14,1991-07-22 14:10:47,Fully Paid,RENT
24315,97506,20.9,6,1996-06-21 14:12:29,Default,MORTGAGE
12777,71157,17.9,11,2017-09-21 23:18:17,Fully Paid,MORTGAGE
5197,84917,19.8,11,2005-10-11 00:17:36,Fully Paid,MORTGAGE
28509,113122,24.8,10,2019-12-24 00:57:49,Fully Paid,RENT
6930,54519,21.2,3,2002-09-11 21:05:37,Fully Paid,MORTGAGE
16774,117487,9.4,2,2015-07-17 16:41:32,Fully Paid,MORTGAGE
20087,86819,14.0,6,2003-04-10 11:07:34,Fully Paid,MORTGAGE
27671,110910,27.6,11,1998-01-10 22:38:15,Default,RENT
30184,101324,24.2,13,2017-11-19 04:38:18,Fully Paid,MORTGAGE
32848,35408,18.9,5,1990-02-24 01:53:32,Fully Paid,MORTGAGE
14339,89379,11.4,14,1999-02-19 22:59:30,Fully Paid,MORTGAGE
25666,55053,12.6,10,2018-01-23 22:02:45,Fully Paid,RENT
16589,39446,23.3,5,1996-04-27 01:31:36,Fully Paid,MORTGAGE
23895,30922,26.3,10,1994-09-01 14:12:48,Default,MORTGAGE
20708,81356,21.8,13,2019-07-16 21:10:08,Fully Paid,RENT
31370,40789,25.2,5,1995-07-18 22:13:59,Fully Paid,RENT
22043,96656,24.2,10,1997-01-12 11:11:14,Fully Paid,MORTGAGE
7811,74028,8.7,12,2014-06-11 18:18:28,Fully Paid,RENT
28482,94484,15.6,5,1990-08-27 09:22:08,Fully Paid,OWN
19243,62154,8.8,3,1998-01-03 16:11:48,Default,MORTGAGE
11546,112870,10.9,7,2019-09-25 09:42:50,Fully Paid,MORTGAGE
30945,32336,26.7,6,2005-05-01 09:19:01,Default,RENT
6986,97779,16.8,4,2006-02-16 06:53:27,Fully Paid,RENT
13338,49029,18.4,2,2014-05-25 20:16:12,Default,OWN
16411,89201,9.5,12,2018-10-15 09:14:23,Fully Paid,RENT
7911,62265,12.8,9,1996-10-21 16:28:47,Fully Paid,MORTGAGE
6734,73872,10.8,1,2019-03-08 10:00:29,Fully Paid,RENT
23227,76197,10.2,13,1997-03-05 01:58:58,Default,RENT
13680,85180,20.9,13,2017-07-22 16:40:50,Fully Paid,RENT
24360,53710,11.4,11,2009-12-12 05:21:15,Fully Paid,MORTGAGE
23343,59486,20.8,14,2020-11-09 16:18:23,Fully Paid,OWN
10759,101907,6.5,4,2007-12-05 14:08:58,Default,RENT
28078,101895,8.5,1,2007-08-09 13:50:34,Fully Paid,RENT
7385,94435,11.9,13,2005-09-10 09:11:37,Default,RENT
16111,70631,19.9,6,1998-01-01 11:11:20,Fully Paid,MORTGAGE
9736,50103,21.9,4,2011-05-29 02:14:43,Fully Paid,RENT
6802,94772,16.1,5,2014-02-10 07:03:58,Fully Paid,MORTGAGE
13155,44382,16.1,5,1998-02-20 01:41:23,Default,MORTGAGE
13120,114291,23.1,9,2007-01-07 05:37:47,Fully Paid,MORTGAGE
11616,33756,5.4,1,1995-06-14 16:11:02,Default,RENT
19257,50609,13.5,13,1999-01-22 04:50:09,Fully Paid,OWN
19486,46478,25.5,2,2006-07-11 12:35:03,Fully Paid,RENT
26918,69666,20.1,13,1999-01-15 07:09:09,Fully Paid,RENT
25445,105683,13.4,6,2013-07-04 02:41:54,Fully Paid,MORTGAGE
32945,101315,27.6,5,1990-03-17 08:00:56,Default,MORTGAGE
21646,107834,24.3,11,1996-05-09 13:04:36,Default,RENT
19075,44153,11.6,7,1999-08-26 00:56:39,Default,RENT
27671,106325,21.1,3,1990-01-24 06:13:26,Default,MORTGAGE
30199,42999,19.9,3,1998-07-22 22:40:13,Fully Paid,RENT
14208,85318,15.0,10,2006-12-30 12:36:07,Fully Paid,MORTGAGE
21371,30814,14.2,2,2015-03-22 04:03:02,Default,MORTGAGE
16835,106077,13.6,13,1999-10-07 12:17:06,Fully Paid,RENT
18168,32443,20.4,3,2003-09-14 20:13:37,Default,RENT
7049,105993,16.1,10,2001-04-10 12:29:03,Default,RENT
10423,105916,25.8,1,2011-03-31 03:06:58,Fully Paid,MORTGAGE
19589,103319,21.7,5,2007-06-03 14:03:30,Default,MORTGAGE
33299,47368,6.7,14,1991-08-28 07:35:45,Fully Paid,RENT
25932,45328,21.0,12,2013-09-07 13:51:11,Fully Paid,MORTGAGE
24492,86942,11.8,5,2012-02-28 13:55:19,Fully Paid,OWN
34855,57306,19.8,12,1997-01-20 18:31:23,Fully Paid,RENT
33666,115451,22.0,11,2015-06-10 13:36:32,Fully Paid,OWN
12158,69915,10.8,7,1996-08-25 18:39:44,Fully Paid,RENT
15248,67219,16.4,4,1992-09-11 01:08:27,Default,RENT
12400,110879,9.8,3,1995-02-14 17:35:57,Default,RENT
24554,94644,6.3,1,2009-02-23 08:17:56,Fully Paid,RENT
14874,90279,14.5,12,1997-09-23 09:07:22,Fully Paid,RENT
20151,83028,14.1,8,2016-01-20 22:07:00,Default,RENT
23639,30126,29.9,13,2004-01-06 02:16:58,Fully Paid,OWN
6154,82329,16.2,3,2012-01-01 22:28:27,Fully Paid,MORTGAGE
9499,57632,13.3,13,2006-07-05 11:31:28,Fully Paid,MORTGAGE
11295,95310,19.5,2,2015-03-07 02:57:09,Fully Paid,RENT
27581,85176,7.2,11,2001-06-10 03:30:40,Fully Paid,RENT
32767,116066,29.0,4,2014-07-28 16:51:16,Default,RENT
31272,74327,20.9,3,2007-06-03 03:27:23,Fully Paid,MORTGAGE
17183,98904,23.9,13,2011-01-12 14:21:01,Fully Paid,OWN
34299,33797,9.3,1,2004-05-11 16:05:24,Fully Paid,RENT
17874,77882,15.2,3,1999-04-21 20:32:53,Fully Paid,RENT
23032,43718,15.6,12,1994-08-06 05:03:54,Fully Paid,MORTGAGE
10539,64560,25.5,2,2004-05-29 01:38:40,Default,RENT
14637,106589,5.0,8,1994-11-13 13:21:01,Default,RENT
25583,52116,12.5,6,2001-06-03 15:54:25,Fully Paid,MORTGAGE
33499,66244,29.5,9,2014-11-16 09:22:55,Default,MORTGAGE
29829,31645,16.9,8,2001-05-11 22:44:56,Default,RENT
20586,77523,14.6,10,2015-03-29 11:10:10,Default,RENT
32759,49256,8.0,3,2014-03-01 14:36:05,Fully Paid,OWN
7557,83173,29.4,5,2001-03-22 22:01:40,Fully Paid,RENT
10592,67430,5.5,7,1999-10-25 15:53:30,Fully Paid,RENT
21482,69282,23.4,5,1997-09-13 21:18:57,Fully Paid,RENT
7200,93374,24.2,8,2017-12-15 13:25:49,Fully Paid,RENT
19172,98244,11.1,12,2006-11-13 03:34:06,Fully Paid,RENT
7961,41694,21.8,5,2007-11-21 23:15:50,Default,MORTGAGE
19207,86264,7.3,1,2016-06-19 02:11:15,Default,RENT
26357,105060,11.4,5,2009-04-16 15:43:08,Default,RENT
25817,87545,24.7,4,1994-09-29 23:46:27,Fully Paid,MORTGAGE
16969,69224,26.6,6,2013-05-04 06:35:33,Fully Paid,MORTGAGE
7869,43224,20.2,3,2008-01-02 18:45:34,Fully Paid,MORTGAGE
32810,70738,17.7,11,2005-10-24 21:12:54,Fully Paid,MORTGAGE
33367,55150,9.0,5,2017-01-30 22:51:57,Fully Paid,RENT
22340,93731,6.6,2,1994-03-21 19:32:38,Fully Paid,MORTGAGE
18992,79688,7.9,11,2012-11-28 22:07:14,Fully Paid,RENT
33643,103509,10.7,6,1994-10-20 05:19:59,Default,OWN
29736,38577,13.5,13,1990-02-16 17:13:25,Fully Paid,RENT
10699,38070,14.5,12,2003-10-05 20:13:16,Default,OWN
28328,38666,13.7,6,2003-10-19 06:34:31,Fully Paid,MORTGAGE
25877,87761,11.0,5,1993-10-16 13:39:40,Fully Paid,RENT
30876,66368,17.7,6,2000-03-29 21:24:39,Fully Paid,MORTGAGE
26295,36783,25.6,11,1993-08-01 07:54:57,Fully Paid,OWN
8987,71914,12.0,7,2016-01-13 04:55:26,Fully Paid,MORTGAGE
31103,100507,28.6,12,2014-10-10 05:02:01,Fully Paid,RENT
27399,109026,26.8,5,2012-06-02 19:52:08,Fully Paid,MORTGAGE
18446,97526,9.0,1,1991-07-25 16:57:43,Fully Paid,RENT
6218,100835,24.7,8,1999-03-10 13:40:41,Fully Paid,RENT
25880,75765,19.4,4,2017-03-27 20:19:09,Default,RENT
9735,49956,19.2,9,1992-07-18 15:09:16,Fully Paid,RENT
16296,117895,14.8,14,2020-11-28 09:54:17,Default,MORTGAGE
32311,76240,17.5,10,2014-05-31 06:24:16,Fully Paid,RENT
9555,67148,14.9,12,2004-01-14 04:34:09,Default,MORTGAGE
14146,34757,18.5,6,2020-01-13 21:22:13,Default,RENT
13050,49097,20.7,1,1996-07-03 09:22:01,Fully Paid,RENT
17757,40395,21.9,3,2005-06-03 08:20:20,Fully Paid,RENT
24830,46241,18.3,3,2010-11-27 13:08:13,Default,RENT
22429,57696,23.0,10,1997-07-21 16:36:56,Fully Paid,RENT
11893,100480,8.5,12,2015-11-01 18:28:33,Fully Paid,RENT
23077,76163,10.3,12,2017-11-03 10:56:25,Fully Paid,MORTGAGE
19373,49816,25.5,4,2001-03-09 08:24:51,Default,RENT
19565,79840,13.1,6,2013-07-05 09:17:28,Default,RENT
8436,82853,5.6,7,2017-10-28 19:06:24,Fully Paid,RENT
13754,54917,8.8,10,2003-02-20 05:49:14,Fully Paid,MORTGAGE
15677,51566,10.6,4,1992-09-06 12:06:08,Fully Paid,OWN
10895,105452,28.9,6,2010-02-02 20:25:47,Fully Paid,RENT
24738,92823,19.3,11,2000-01-29 15:48:22,Default,RENT
21609,50806,28.3,1,1991-12-11 16:14:50,Fully Paid,RENT
20636,105520,19.4,14,2004-05-10 13:43:30,Fully Paid,OWN
26277,31759,17.0,8,2017-12-12 03:44:09,Fully Paid,RENT
12022,71949,12.8,7,1992-04-14 15:10:25,Default,RENT
14151,32482,20.2,11,1992-07-10 07:37:51,Fully Paid,RENT
10600,54442,8.5,11,2007-10-16 03:44:01,Fully Paid,RENT
34124,63719,27.5,9,1995-02-06 05:30:35,Fully Paid,RENT
32643,88066,25.7,3,1996-10-01 22:35:03,Fully Paid,MORTGAGE
12996,32079,12.9,2,2011-05-03 09:15:53,Fully Paid,RENT
14007,32717,28.8,1,2015-10-30 22:58:45,Fully Paid,MORTGAGE
17946,89676,25.6,3,2019-09-29 13:11:49,Fully Paid,RENT
29067,57952,21.7,5,2009-08-04 09:23:37,Default,RENT
9642,116444,8.0,14,2004-02-08 19:59:38,Default,OWN
34887,72460,17.0,11,2002-12-24 08:30:46,Default,RENT
16312,102847,17.7,2,2000-06-23 16:04:54,Fully Paid,MORTGAGE
12679,119106,10.8,12,2013-06-04 15:57:14,Default,MORTGAGE
13208,48449,7.0,3,2000-04-15 06:45:48,Fully Paid,RENT
28723,63536,24.4,4,2013-11-21 06:08:46,Fully Paid,OWN
30819,94077,8.1,7,2017-05-31 19:15:49,Fully Paid,RENT
23589,68258,19.9,13,1999-04-20 21:45:55,Fully Paid,MORTGAGE
15716,78302,28.4,3,1996-06-08 20:06:50,Fully Paid,RENT
22453,58865,26.9,9,2014-07-20 11:27:36,Fully Paid,MORTGAGE
8444,36645,11.9,8,2002-07-13 16:11:33,Fully Paid,RENT
15757,68000,26.3,4,2016-08-25 03:29:23,Fully Paid,MORTGAGE
19434,56737,5.0,13,2003-06-25 12:47:39,Fully Paid,MORTGAGE
6060,41485,5.4,1,2018-04-24 20:09:54,Fully Paid,OWN
23711,68565,20.1,1,2006-10-30 14:44:35,Fully Paid,OWN
8420,55522,14.1,1,2002-07-15 01:54:42,Default,MORTGAGE
5301,95155,14.7,1,2010-03-19 05:09:02,Default,MORTGAGE
17468,85168,19.1,8,1997-04-07 11:38:41,Fully Paid,RENT
21990,82487,9.8,3,1992-05-15 01:25:49,Fully Paid,RENT
24554,42342,10.3,6,2009-04-11 13:27:16,Fully Paid,RENT
5699,70806,17.1,3,1992-01-22 03:44:33,Default,RENT
26472,78770,23.9,11,2017-09-26 13:41:41,Fully Paid,RENT
30715,108623,20.5,5,2019-04-07 11:19:30,Fully Paid,MORTGAGE
5190,105629,12.4,13,2006-10-11 06:41:09,Fully Paid,RENT
15492,82603,15.8,14,1990-02-14 09:26:38,Fully Paid,MORTGAGE
22364,111974,9.3,13,1998-08-31 13:18:18,Fully Paid,RENT
7975,56399,6.9,7,2013-12-16 07:32:25,Default,RENT
11102,115382,24.6,2,2017-04-25 04:17:12,Fully Paid,MORTGAGE
22568,111244,11.6,6,2018-02-14 15:01:52,Fully Paid,MORTGAGE
24711,106534,9.4,13,2013-06-01 22:51:11,Default,MORTGAGE
24778,85106,22.3,6,2004-12-21 11:57:35,Default,MORTGAGE
29703,60678,20.5,11,2001-05-16 15:20:37,Fully Paid,RENT
31641,106218,20.8,3,1998-07-25 03:26:32,Fully Paid,MORTGAGE
6816,93230,10.7,6,1993-07-04 08:22:18,Fully Paid,RENT
27238,104055,10.8,10,1992-11-14 16:48:35,Default,RENT
28093,86373,10.5,10,2003-04-18 02:48:27,Fully Paid,RENT
5569,61480,9.3,14,1990-04-11 08:10:41,Default,RENT
10442,115230,21.4,5,2005-10-20 03:29:32,Fully Paid,RENT
6895,98836,26.2,12,2013-09-10 15:31:15,Fully Paid,OWN
24117,102258,23.1,2,2016-10-10 16:28:48,Fully Paid,OWN
8863,69986,24.8,9,2005-12-07 09:13:54,Fully Paid,RENT
17913,54160,15.1,8,2004-05-31 14:32:57,Fully Paid,RENT
12455,115595,21.4,3,2017-02-04 13:21:28,Fully Paid,RENT
9014,109111,13.9,8,2011-01-27 13:43:37,Fully Paid,RENT
16093,94929,18.1,14,2005-04-12 09:11:16,Default,OWN
23070,103506,17.0,9,2016-07-03 09:24:30,Fully Paid,RENT
8009,64911,9.4,14,2019-01-01 12:19:06,Default,MORTGAGE
29190,117127,14.7,3,2015-09-25 01:53:54,Fully Paid,RENT
21538,61821,29.1,3,2008-02-07 03:49:03,Fully Paid,OWN
15729,105039,11.2,2,1990-11-29 04:05:40,Fully Paid,RENT
6409,90535,8.3,8,2017-07-30 22:08:58,Fully Paid,MORTGAGE
17249,114458,15.5,10,1993-01-13 14:08:55,Default,RENT
5784,42175,24.8,1,2001-12-02 22:00:53,Fully Paid,MORTGAGE
32751,84771,19.6,8,2007-01-15 23:06:11,Fully Paid,RENT
13096,116925,22.0,7,2017-05-17 16:52:49,Fully Paid,RENT
12560,96358,9.7,14,2006-10-25 22:37:17,Fully Paid,OWN
17533,47327,20.5,7,2014-07-07 09:51:20,Fully Paid,OWN
12343,77057,13.1,3,1996-11-14 19:39:24,Default,MORTGAGE
12206,36150,25.9,1,2011-07-11 18:19:07,Default,MORTGAGE
26980,34425,20.7,4,2007-05-09 09:24:16,Fully Paid,MORTGAGE
10801,46032,10.0,9,1992-02-05 06:49:20,Fully Paid,RENT
24190,32198,6.6,5,2008-06-16 09:13:16,Fully Paid,RENT
21921,90500,6.1,1,2001-04-15 06:37:55,Fully Paid,RENT
10986,83394,14.3,5,2015-05-09 09:21:10,Fully Paid,MORTGAGE
23225,50079,11.6,13,1990-06-04 04:16:48,Fully Paid,RENT
34592,66220,21.2,8,1995-09-19 08:06:32,Fully Paid,RENT
15647,71874,17.5,8,2017-04-03 16:36:51,Fully Paid,MORTGAGE
13716,43859,11.7,5,2015-10-24 15:03:46,Fully Paid,MORTGAGE
28355,80460,8.7,12,2018-04-02 21:47:44,Fully Paid,RENT
27009,61419,8.2,9,2020-01-04 07:17:29,Fully Paid,RENT
24334,38705,26.6,1,2010-04-14 14:03:15,Fully Paid,RENT
29376,72880,11.1,4,2020-09-20 21:29:44,Default,RENT
17323,53236,21.3,3,2002-03-23 01:29:16,Fully Paid,RENT
9780,117955,25.3,2,2005-12-16 11:31:57,Fully Paid,MORTGAGE
33691,115514,20.4,8,2015-08-30 09:42:01,Fully Paid,MORTGAGE
7368,45358,26.5,7,2013-06-22 01:23:43,Default,MORTGAGE
17039,106918,14.8,9,2019-03-21 04:43:49,Fully Paid,RENT
11655,44596,28.9,2,2020-11-23 13:50:39,Fully Paid,MORTGAGE
13173,63572,8.3,14,2012-06-15 22:07:33,Fully Paid,RENT
9495,108757,7.6,14,2003-11-14 03:12:16,Default,RENT
15893,31279,21.5,4,1991-02-18 14:04:33,Default,MORTGAGE
30547,93197,28.6,14,2014-12-26 22:48:21,Fully Paid,RENT
27386,92516,25.2,6,2000-06-26 21:50:41,Default,RENT
27998,37083,6.9,11,2002-08-10 10:29:54,Default,MORTGAGE
30742,47771,12.0,3,2009-01-23 06:32:19,Default,RENT
18403,59975,28.3,8,2001-06-22 15:23:00,Fully Paid,MORTGAGE
18121,75648,11.3,3,2012-05-24 18:12:14,Fully Paid,RENT
27303,78285,24.5,14,1997-10-13 21:31:04,Fully Paid,MORTGAGE
15966,49063,25.6,12,2015-01-17 17:34:19,Default,RENT
31558,97642,17.4,13,2005-02-24 17:29:18,Fully Paid,RENT
5853,116143,14.7,13,1991-03-10 01:23:26,Fully Paid,MORTGAGE
25530,67599,16.3,2,1999-02-26 03:07:47,Fully Paid,RENT
33312,81920,10.7,13,2015-02-05 17:43:56,Default,RENT
25153,58529,27.2,13,1991-09-25 15:10:50,Default,RENT
21958,65954,16.3,3,2020-05-30 15:37:44,Fully Paid,RENT
32837,57856,27.1,11,2015-08-22 16:02:34,Default,RENT
22532,32573,7.6,6,1991-03-27 02:02:01,Fully Paid,RENT
27677,108344,29.7,2,2002-03-05 18:46:15,Default,OWN
27841,65367,16.1,8,2005-06-02 18:14:40,Fully Paid,RENT
28893,90774,6.2,1,1996-05-19 05:12:10,Fully Paid,RENT
14907,53752,6.0,7,2008-09-27 12:28:40,Default,RENT
9777,85029,23.7,2,2013-03-25 07:50:00,Fully Paid,RENT
34509,47685,21.5,10,2017-05-04 04:25:21,Default,OWN
25238,81693,25.1,12,2019-02-18 14:50:59,Fully Paid,RENT
34749,85961,7.6,6,2017-10-08 02:54:36,Fully Paid,OWN
20338,106908,5.9,12,2002-06-10 02:17:11,Fully Paid,RENT
7491,104532,17.7,2,2010-12-17 02:06:30,Fully Paid,MORTGAGE
32236,111994,14.7,2,2017-02-13 18:46:08,Fully Paid,MORTGAGE
20328,86133,16.5,10,1999-04-22 16:04:04,Fully Paid,MORTGAGE
19599,91268,29.8,13,2007-05-08 13:41:42,Fully Paid,MORTGAGE
24508,68243,29.3,8,1996-10-22 10:29:02,Fully Paid,MORTGAGE
27075,87384,28.6,12,2011-12-26 06:24:51,Default,RENT
8051,61653,24.6,2,1991-11-15 07:05:18,Default,RENT
20979,56657,13.9,7,1994-01-06 15:42:55,Fully Paid,OWN
21388,69952,15.3,3,2004-06-03 20:21:52,Default,RENT
26606,52180,18.7,8,2019-03-08 04:54:16,Fully Paid,RENT
26699,108411,25.8,7,1992-02-26 01:52:45,Fully Paid,MORTGAGE
26253,31622,6.7,14,1992-10-31 06:55:00,Default,RENT
5876,78756,15.6,8,2000-07-01 21:46:18,Default,OWN
30567,70809,7.1,14,2011-12-08 17:15:13,Fully Paid,MORTGAGE
28411,46725,17.9,7,1998-07-06 04:46:31,Default,MORTGAGE
9142,91396,27.5,11,2004-04-09 15:50:34,Fully Paid,MORTGAGE
20202,81226,24.6,6,2018-06-09 11:45:00,Default,RENT
11966,111182,10.7,13,2013-10-14 22:33:21,Fully Paid,RENT
12079,112565,29.4,7,2019-04-23 19:51:25,Fully Paid,RENT
12987,59402,21.7,5,2004-07-11 15:54:33,Fully Paid,RENT
11799,34263,5.3,7,2003-03-20 15:45:36,Fully Paid,MORTGAGE
33940,76828,11.4,1,2013-07-12 11:55:54,Fully Paid,OWN
9465,77924,11.5,1,2002-11-26 16:38:39,Default,RENT
22019,104182,6.7,9,2001-01-16 22:44:33,Fully Paid,RENT
18417,89052,29.0,14,2006-08-19 14:44:45,Fully Paid,OWN
23077,41664,17.0,5,2017-06-04 03:46:55,Fully Paid,RENT
31258,65737,27.4,13,2001-04-20 16:27:34,Fully Paid,RENT
26136,119563,13.1,5,2002-01-16 22:51:53,Fully Paid,RENT
13311,59373,8.1,3,2008-05-15 02:41:21,Fully Paid,OWN
22214,66397,16.9,5,1997-07-01 13:18:29,Fully Paid,MORTGAGE
19098,116145,7.8,3,2008-02-21 14:17:34,Fully Paid,MORTGAGE
33251,68709,17.2,9,1999-12-08 01:04:18,Fully Paid,MORTGAGE
10177,91120,28.0,9,2014-11-13 14:07:54,Default,RENT
19262,49250,18.0,6,1994-07-14 14:07:58,Default,RENT
30945,51172,20.4,1,1996-01-09 21:02:04,Fully Paid,MORTGAGE
30316,41555,8.9,7,1995-01-02 19:43:51,Fully Paid,RENT
13308,117410,6.1,7,2017-04-05 01:45:17,Fully Paid,MORTGAGE
10949,108617,7.8,14,2010-01-25 16:29:54,Fully Paid,OWN
24222,83276,20.0,10,2005-11-23 08:16:09,Fully Paid,MORTGAGE
6150,87492,7.4,10,1991-11-08 14:36:21,Fully Paid,MORTGAGE
28944,83002,14.4,4,1990-06-16 21:15:34,Fully Paid,MORTGAGE
6931,119599,18.8,8,1992-12-02 05:41:01,Fully Paid,MORTGAGE
14204,102355,14.7,6,1995-08-25 18:20:55,Fully Paid,RENT
23048,54762,9.1,4,1999-04-27 02:25:54,Default,RENT
6081,41046,11.8,4,1992-10-28 02:48:13,Default,RENT
34305,58769,28.2,2,2006-06-26 13:21:45,Fully Paid,MORTGAGE
21896,83302,21.9,14,2014-02-27 08:33:20,Fully Paid,RENT
32425,53150,17.4,2,2013-03-29 20:30:00,Default,MORTGAGE
18407,98247,5.3,12,2018-01-25 02:57:00,Default,RENT
12805,34853,29.8,14,2001-06-29 23:28:05,Fully Paid,MORTGAGE
10237,119399,21.8,4,1996-10-07 12:47:38,Fully Paid,RENT
21943,51792,12.9,5,1995-03-21 11:47:36,Fully Paid,MORTGAGE
25056,89129,27.0,8,2001-05-19 02:47:02,Fully Paid,MORTGAGE
17775,104478,11.5,6,1992-07-26 05:06:56,Fully Paid,RENT
28788,97298,18.6,14,2005-09-05 07:01:15,Fully Paid,RENT
21244,61987,20.9,4,2006-02-14 03:03:55,Fully Paid,MORTGAGE
18184,45850,10.5,13,2012-06-28 23:29:36,Fully Paid,RENT
8343,42112,29.5,11,2009-10-13 04:38:13,Default,RENT
18500,54058,23.7,7,2004-12-12 08:56:04,Fully Paid,OWN
25454,75420,18.9,8,2012-08-27 22:09:12,Fully Paid,MORTGAGE
34375,68890,9.5,2,1994-10-07 06:04:01,Fully Paid,OWN
14662,96017,6.3,12,1995-02-02 12:27:35,Fully Paid,RENT
21964,77304,13.0,7,1995-02-01 20:08:26,Default,RENT
20125,62921,23.8,14,2017-10-24 01:35:16,Fully Paid,MORTGAGE
28388,31524,11.7,2,2011-12-17 05:28:33,Fully Paid,MORTGAGE
31870,45048,18.5,2,2007-09-23 14:59:08,Default,MORTGAGE
13130,65111,23.2,8,2006-11-03 07:11:53,Fully Paid,RENT
24531,67904,7.7,2,2008-10-10 17:50:50,Default,RENT
25633,84912,22.1,11,2017-12-18 12:19:07,Fully Paid,RENT
6679,64008,7.3,9,2001-05-20 22:08:37,Fully Paid,RENT
8506,30060,29.1,12,2014-03-04 14:38:49,Fully Paid,RENT
18284,104666,17.2,1,2016-03-16 11:44:35,Fully Paid,RENT
12253,113559,8.8,9,1994-10-08 03:03:13,Default,OWN
24128,85337,13.6,1,2010-04-28 20:28:43,Default,RENT
32932,43350,15.3,10,2009-08-26 13:08:58,Fully Paid,MORTGAGE
33621,54354,24.0,13,2015-05-10 01:25:56,Fully Paid,MORTGAGE
14435,75186,23.6,10,1994-08-17 12:30:06,Default,MORTGAGE
26572,58145,20.3,2,1998-09-17 18:32:59,Default,RENT
16310,64020,7.6,6,2013-01-20 09:40:33,Fully Paid,MORTGAGE
18296,116123,8.8,6,2000-03-04 12:09:05,Fully Paid,MORTGAGE
23525,105186,7.3,1,1990-01-04 23:35:26,Fully Paid,MORTGAGE
18245,115469,19.4,7,1995-10-08 21:01:09,Default,MORTGAGE
32635,50581,26.9,8,1994-10-11 17:12:31,Fully Paid,OWN
34124,118929,15.8,2,2016-05-23 18:55:06,Fully Paid,MORTGAGE
34899,53051,9.0,8,2003-06-15 15:09:45,Default,RENT
16151,81474,19.0,9,1992-12-25 07:37:28,Fully Paid,MORTGAGE
15457,99626,25.3,6,2017-05-15 16:07:40,Fully Paid,RENT
28001,36960,23.5,5,1996-12-12 12:20:19,Fully Paid,MORTGAGE
7479,65772,27.0,12,2002-04-13 11:45:25,Fully Paid,RENT
27868,51520,11.9,9,1990-05-11 19:11:59,Fully Paid,RENT
34222,79481,9.8,13,2011-06-15 23:19:34,Fully Paid,MORTGAGE
31211,66408,27.0,12,1997-08-24 12:40:28,Fully Paid,MORTGAGE
34984,87134,21.4,11,2019-11-17 16:10:18,Fully Paid,RENT
28805,50491,12.8,9,1993-11-08 08:39:51,Default,RENT
31333,31341,23.6,1,2014-02-08 05:12:35,Default,MORTGAGE
9452,74623,25.4,11,2018-08-02 14:46:51,Fully Paid,RENT
31646,30338,20.4,3,2004-05-06 03:00:30,Fully Paid,MORTGAGE
10881,101431,22.2,9,1994-03-23 21:52:00,Fully Paid,RENT
28049,42254,14.4,11,1991-12-19 20:27:34,Fully Paid,MORTGAGE
19069,81860,18.5,2,2018-12-26 07:10:58,Fully Paid,MORTGAGE
7849,41344,18.1,12,2011-09-25 06:59:25,Fully Paid,RENT
32827,31750,26.2,4,1991-07-26 07:03:01,Fully Paid,RENT
12390,84756,26.0,4,2011-02-13 17:27:13,Fully Paid,RENT
28289,97957,25.8,2,2011-08-11 20:39:20,Fully Paid,MORTGAGE
16922,88053,5.3,3,1991-05-24 20:43:44,Fully Paid,MORTGAGE
7489,100855,23.7,13,2013-09-07 22:08:37,Fully Paid,MORTGAGE
14823,45896,24.0,3,2011-09-16 09:40:53,Fully Paid,RENT
32392,85761,22.0,1,2005-03-24 14:46:44,Fully Paid,RENT
14207,92552,23.9,6,2011-11-03 15:21:19,Default,RENT
14540,107454,26.0,8,1992-03-27 11:03:56,Default,RENT
21364,57935,16.8,12,1999-08-06 04:09:40,Fully Paid,MORTGAGE
9611,67641,17.6,3,1994-12-21 12:54:08,Fully Paid,MORTGAGE
32663,59711,8.1,5,2015-04-08 13:08:25,Fully Paid,MORTGAGE
24223,100342,14.6,1,2016-03-15 18:47:55,Fully Paid,RENT
29911,42182,21.1,10,2012-05-08 09:21:24,Fully Paid,OWN
10878,117833,24.5,7,2007-12-04 09:00:54,Default,MORTGAGE
34168,86276,10.4,10,2020-01-08 08:56:34,Fully Paid,OWN
21347,49541,8.4,13,1998-09-23 16:55:08,Default,MORTGAGE
30471,112310,21.6,1,2000-05-30 05:50:38,Fully Paid,RENT
27687,74813,5.0,12,2015-03-14 01:50:11,Fully Paid,RENT
33122,67198,9.5,11,2016-09-14 05:10:42,Default,MORTGAGE
5851,38820,5.7,9,2005-01-11 14:20:18,Fully Paid,RENT
23071,54070,9.2,8,1997-08-08 01:07:15,Fully Paid,RENT
31507,99768,9.5,7,1995-05-03 00:26:44,Fully Paid,MORTGAGE
11833,41122,14.7,10,1991-01-31 21:54:08,Fully Paid,MORTGAGE
16938,110559,15.1,7,1998-02-21 00:22:27,Default,MORTGAGE
7427,103543,26.9,5,2013-10-04 11:27:07,Fully Paid,RENT
31144,113441,17.8,5,2016-04-23 07:39:06,Default,RENT
9000,71786,23.1,11,1992-01-16 22:27:03,Default,MORTGAGE
10052,36737,7.6,13,1997-04-07 13:02:33,Default,OWN
7738,66062,10.6,5,1994-11-03 09:21:26,Fully Paid,MORTGAGE
33074,84237,22.6,1,1990-08-31 16:45:12,Fully Paid,OWN
27116,81571,6.3,8,2004-07-19 07:56:04,Default,MORTGAGE
10387,55510,17.2,12,2004-02-16 09:17:50,Fully Paid,MORTGAGE
13002,49426,20.0,11,2000-06-06 14:04:41,Fully Paid,RENT
10536,67265,20.1,1,2000-09-10 00:28:35,Fully Paid,MORTGAGE
18479,47850,5.6,4,2006-09-10 06:12:39,Fully Paid,MORTGAGE
8913,96150,13.1,9,1995-05-08 06:11:36,Fully Paid,MORTGAGE
22450,117312,20.9,14,2000-08-19 05:00:28,Fully Paid,RENT
29107,119613,8.7,9,1997-11-13 01:07:02,Fully Paid,MORTGAGE
25764,104910,22.4,5,2019-05-29 09:45:17,Default,RENT
15636,82375,23.6,4,2012-04-16 23:13:35,Fully Paid,MORTGAGE
25491,65435,29.5,3,1998-01-28 00:45:42,Default,RENT
10726,87132,10.2,3,2017-08-08 23:44:31,Fully Paid,MORTGAGE
8373,108945,25.6,12,1994-12-13 08:27:48,Default,RENT
17161,112050,18.0,5,2000-06-11 21:24:51,Fully Paid,RENT
32122,32983,14.3,10,2007-12-30 12:32:45,Default,RENT
30329,50662,8.1,1,2004-03-18 23:48:57,Fully Paid,MORTGAGE
7082,53510,23.4,5,2006-10-24 05:18:40,Default,RENT
32350,108187,10.9,6,1990-10-08 01:48:25,Fully Paid,RENT
32472,70998,14.3,7,1992-12-04 17:00:41,Default,MORTGAGE
33761,86846,6.6,12,2016-01-05 16:00:38,Default,RENT
30351,36640,25.0,9,2007-03-12 08:57:04,Fully Paid,OWN
28132,74547,24.2,3,1999-05-04 13:41:04,Fully Paid,OWN
21281,84620,23.3,2,2003-12-17 16:20:36,Default,MORTGAGE
20305,45317,12.5,14,2010-11-25 10:21:48,Fully Paid,RENT
14817,37564,9.3,3,2009-06-05 04:24:40,Default,MORTGAGE
16261,57345,20.9,12,2000-07-26 13:03:01,Fully Paid,RENT
5417,109273,17.4,9,1997-04-07 02:18:26,Fully Paid,RENT
29690,104859,9.5,12,2000-09-25 17:05:48,Default,RENT
13808,110765,22.1,7,1990-06-05 17:10:58,Fully Paid,OWN
25358,104038,29.8,9,2003-06-17 20:27:18,Default,RENT
8267,82393,23.7,13,2016-05-20 23:39:01,Fully Paid,MORTGAGE
22209,96081,23.5,2,1992-12-09 17:04:40,Fully Paid,MORTGAGE
29052,59430,28.8,5,2004-10-23 07:27:49,Fully Paid,RENT
10745,105532,10.1,13,1996-01-21 09:25:24,Fully Paid,RENT
31092,57788,19.1,4,2014-01-30 18:34:17,Fully Paid,OWN
16338,78543,29.5,2,2008-04-15 21:27:50,Fully Paid,MORTGAGE
5412,43919,9.1,9,2001-12-18 22:46:40,Fully Paid,MORTGAGE
12543,99346,22.5,9,2002-11-25 14:38:03,Fully Paid,RENT
12587,69974,19.6,6,2004-10-20 16:50:30,Default,RENT
5728,46371,19.7,11,2018-10-31 19:06:55,Fully Paid,RENT
32924,75084,22.4,6,2012-05-23 03:18:53,Fully Paid,RENT
28548,59629,28.2,8,2015-10-02 17:02:48,Fully Paid,RENT
32384,81184,24.6,6,1991-10-21 17:06:06,Fully Paid,MORTGAGE
30251,91916,6.4,1,2005-01-17 07:25:09,Default,RENT
16657,103972,26.3,4,1996-04-02 20:00:08,Fully Paid,RENT
10988,92187,10.6,13,2011-10-29 19:23:08,Fully Paid,MORTGAGE
23888,42984,14.4,7,2018-06-21 20:28:30,Fully Paid,MORTGAGE
7967,63039,16.5,13,2013-08-19 23:03:00,Fully Paid,RENT
19527,115431,17.0,13,2011-12-05 00:09:58,Default,MORTGAGE
24170,113691,15.9,2,2014-05-25 17:27:40,Fully Paid,RENT
21048,88606,28.4,9,2020-03-16 03:53:03,Default,RENT
22506,40616,22.7,8,2016-05-25 06:52:29,Fully Paid,RENT
25463,80072,20.8,8,2008-05-07 02:58:59,Fully Paid,MORTGAGE
22955,54574,6.2,7,2005-12-31 12:09:58,Default,RENT
10073,33430,27.6,4,2014-06-12 09:23:56,Fully Paid,RENT
10104,42676,27.7,2,2012-06-30 08:04:32,Fully Paid,RENT
7143,40816,24.5,3,1990-04-10 00:42:15,Fully Paid,MORTGAGE
31263,62733,5.2,12,2005-05-17 21:19:16,Fully Paid,RENT
28190,115680,6.4,6,2019-10-09 14:31:29,Fully Paid,RENT
12357,32050,10.6,12,1994-05-05 05:08:52,Fully Paid,RENT
33708,63933,8.3,12,1995-05-15 04:26:19,Fully Paid,RENT
17043,54951,15.0,5,1992-01-13 08:10:57,Fully Paid,MORTGAGE
8440,62413,28.1,12,1996-05-14 18:41:33,Fully Paid,MORTGAGE
25150,64801,16.8,8,2011-12-18 09:19:17,Fully Paid,RENT
10644,85619,5.3,6,1995-08-19 11:52:21,Fully Paid,RENT
15518,62913,12.1,6,2001-05-16 12:12:16,Fully Paid,RENT
19552,70600,6.1,1,2002-12-17 21:46:05,Default,RENT
7914,87775,5.9,4,1992-08-08 21:44:48,Fully Paid,RENT
26352,65400,11.9,5,2012-05-07 11:20:29,Default,MORTGAGE
27301,34494,11.9,12,2012-07-23 09:16:26,Fully Paid,OWN
18584,110688,24.7,11,2009-03-03 23:11:37,Fully Paid,OWN
17144,119431,29.4,3,2007-12-02 23:27:46,Fully Paid,MORTGAGE
19397,104691,14.3,13,2006-07-15 13:39:05,Fully Paid,MORTGAGE
13787,73001,15.7,9,2004-03-11 08:32:09,Fully Paid,MORTGAGE
19191,97364,26.1,1,2008-04-28 22:53:34,Fully Paid,RENT
5728,75028,11.7,6,2004-05-03 18:03:39,Fully Paid,MORTGAGE
22749,67573,8.9,6,2001-03-07 09:22:58,Default,RENT
25876,30806,26.3,10,2020-04-06 15:22:11,Fully Paid,RENT
5698,86638,6.2,5,2006-02-12 10:38:25,Fully Paid,MORTGAGE
12186,59757,20.5,12,1992-08-13 15:48:24,Default,RENT
19512,64636,19.0,5,2018-11-03 07:46:49,Fully Paid,RENT
18923,110097,13.6,10,2004-08-31 09:57:47,Fully Paid,OWN
21779,78280,12.9,14,1998-04-21 10:48:42,Fully Paid,RENT
12400,54262,24.3,13,2012-09-20 04:31:34,Default,RENT
29466,110435,7.2,5,1997-11-09 21:09:10,Default,OWN
9171,92211,10.9,6,2009-03-12 18:46:13,Fully Paid,MORTGAGE
9360,84842,23.3,8,1992-05-24 22:34:38,Fully Paid,MORTGAGE
7502,86979,18.7,2,2001-08-29 20:52:05,Default,RENT
31395,111470,8.2,6,2019-11-19 02:01:50,Fully Paid,RENT
22101,68197,27.1,1,2018-07-25 08:04:43,Fully Paid,MORTGAGE
24166,71844,14.8,4,1999-10-15 18:36:07,Fully Paid,MORTGAGE
26330,94754,25.7,14,2005-10-30 07:52:39,Fully Paid,MORTGAGE
33153,64157,24.7,10,1997-09-28 10:37:48,Fully Paid,RENT
10486,107129,20.6,3,2012-06-03 01:29:44,Fully Paid,RENT
13335,70042,17.4,9,2012-07-24 17:23:58,Fully Paid,OWN
26364,91665,29.5,3,1990-07-12 03:12:32,Fully Paid,RENT
32716,112856,8.6,6,2014-05-10 08:54:21,Default,MORTGAGE
28650,57376,23.1,1,2006-07-14 05:28:00,Fully Paid,RENT
9491,85554,9.8,12,1995-07-27 09:34:10,Fully Paid,MORTGAGE
28576,44199,13.5,6,2014-05-12 01:39:14,Fully Paid,OWN
16130,111412,12.7,4,2016-09-25 13:53:13,Fully Paid,MORTGAGE
26972,80948,28.7,8,2012-01-12 08:09:11,Fully Paid,RENT
12651,103781,29.2,13,2017-07-06 17:41:02,Fully Paid,MORTGAGE
25020,102750,9.6,11,1990-06-28 16:33:45,Default,MORTGAGE
32798,96262,5.6,9,2013-05-14 22:48:32,Default,RENT
6167,76600,23.0,4,2017-09-20 08:21:48,Fully Paid,MORTGAGE
32192,106898,15.4,10,1990-01-06 14:31:13,Fully Paid,MORTGAGE
6062,92483,7.2,12,2000-07-22 03:20:01,Fully Paid,MORTGAGE
23540,48297,22.1,10,2012-01-16 23:32:02,Default,MORTGAGE
29244,60448,18.6,6,1996-05-09 17:40:28,Default,RENT
26545,56172,29.5,1,2006-05-28 10:16:21,Fully Paid,RENT
26689,72874,10.7,4,2000-04-06 14:53:52,Fully Paid,RENT
16174,37657,15.1,7,2007-11-20 20:52:49,Default,OWN
27925,114386,18.6,12,1993-01-05 15:48:44,Fully Paid,MORTGAGE
32870,55425,24.8,1,1994-06-04 18:51:27,Fully Paid,MORTGAGE
9729,56685,18.7,8,2016-07-22 04:17:50,Fully Paid,RENT
14348,54578,20.3,12,2005-09-15 07:10:04,Fully Paid,RENT
28714,58831,10.7,10,2016-10-05 09:28:15,Default,MORTGAGE
10334,37906,26.2,12,2004-05-18 06:54:40,Default,RENT
13924,91413,15.7,11,2005-12-14 05:42:23,Fully Paid,RENT
9330,84028,8.5,6,2014-12-04 07:18:20,Fully Paid,MORTGAGE
29394,37287,21.6,5,2001-11-14 01:30:04,Fully Paid,RENT
11801,63660,10.4,10,2015-09-26 23:47:50,Fully Paid,RENT
9846,105758,7.4,11,2009-06-10 17:06:07,Fully Paid,RENT
11731,90504,26.5,14,2016-02-22 00:47:21,Fully Paid,RENT
20368,89720,16.5,9,1991-09-03 16:17:20,Fully Paid,OWN
28625,64701,23.7,2,2018-01-26 20:21:26,Fully Paid,RENT
22337,113300,12.3,5,2005-07-22 04:14:04,Fully Paid,RENT
7539,47674,24.7,6,2009-04-22 20:49:08,Fully Paid,RENT
12056,113560,7.8,7,1992-01-06 18:14:49,Fully Paid,MORTGAGE
16516,53874,13.9,5,2009-10-29 12:46:40,Fully Paid,RENT
16493,73642,29.5,9,2014-05-08 01:17:54,Default,MORTGAGE
6542,95160,24.8,1,2017-10-22 14:56:06,Fully Paid,RENT
26677,47602,17.4,7,1993-02-16 16:13:45,Fully Paid,RENT
18964,118801,13.5,10,1991-01-23 23:48:00,Default,RENT
22575,55931,26.8,7,2017-06-01 17:41:58,Default,MORTGAGE
11313,59192,18.6,4,2013-01-14 12:57:24,Fully Paid,MORTGAGE
32569,76542,24.0,9,1993-08-09 18:58:08,Default,RENT
28322,72520,23.9,14,1992-06-19 22:49:20,Fully Paid,MORTGAGE
24065,94772,5.4,12,2005-02-25 13:44:29,Fully Paid,OWN
30793,88762,8.2,11,1995-10-27 12:24:48,Fully Paid,RENT
22924,80106,21.5,5,2004-08-09 08:30:34,Fully Paid,MORTGAGE
27556,111121,9.0,4,1999-05-26 06:58:32,Fully Paid,RENT
32812,55559,11.4,13,2013-07-31 03:03:22,Fully Paid,OWN
26925,63742,28.7,7,2020-07-09 18:39:56,Fully Paid,MORTGAGE
31962,99669,19.0,4,2011-07-10 03:22:42,Fully Paid,OWN
33295,110199,23.8,3,1998-04-05 08:01:18,Fully Paid,MORTGAGE
18807,51754,18.9,9,2008-06-16 16:41:00,Fully Paid,RENT
14580,33972,18.8,11,2007-06-25 02:44:04,Fully Paid,OWN
31432,100831,7.4,8,2020-03-14 17:33:30,Default,RENT
22749,71873,13.6,1,2015-09-03 22:18:07,Default,RENT
13691,39903,12.1,7,2019-03-19 21:01:13,Default,MORTGAGE
31256,33020,14.8,9,1990-06-12 16:06:19,Fully Paid,MORTGAGE
30086,71755,25.0,8,2007-11-28 01:19:11,Default,OWN
12494,115956,14.3,8,1991-05-12 01:08:40,Fully Paid,RENT
9312,116988,16.3,13,2020-05-30 10:40:27,Fully Paid,MORTGAGE
6324,75648,14.9,6,2016-11-06 14:44:24,Fully Paid,MORTGAGE
30731,39516,7.3,11,1994-11-08 11:58:47,Fully Paid,RENT
31403,32396,16.0,4,1990-05-12 03:36:23,Fully Paid,RENT
8141,114082,9.9,8,2001-09-20 22:25:04,Fully Paid,RENT
28803,49129,9.7,3,2019-04-09 10:54:20,Default,RENT
24870,31591,7.4,13,1999-09-19 17:38:00,Fully Paid,OWN
6810,41303,13.9,9,2006-11-25 13:23:33,Fully Paid,MORTGAGE
11588,60561,23.9,13,2002-09-14 06:27:27,Default,MORTGAGE
24307,101719,11.9,2,2017-09-08 21:10:00,Fully Paid,OWN
10301,116231,12.8,2,2007-05-04 09:54:51,Fully Paid,RENT
31790,37314,21.1,12,2001-05-20 04:33:54,Fully Paid,MORTGAGE
25570,49623,9.9,13,1994-11-01 03:37:25,Fully Paid,RENT
30289,97675,27.4,12,1995-08-28 20:51:52,Fully Paid,MORTGAGE
27361,95082,18.0,7,1994-04-19 17:17:58,Fully Paid,RENT
33178,113624,16.2,12,2017-05-25 09:13:49,Fully Paid,OWN
33710,63130,18.9,10,1991-06-10 00:43:08,Fully Paid,RENT
20485,81756,9.2,4,2014-12-19 23:03:46,Fully Paid,RENT
16714,56292,20.3,10,1999-08-11 11:35:46,Fully Paid,MORTGAGE
25652,116206,14.1,8,2004-04-15 06:52:49,Fully Paid,RENT
9748,99274,27.4,9,2011-01-14 15:35:04,Default,MORTGAGE
26233,32469,9.2,7,2008-01-16 14:05:32,Fully Paid,RENT
14435,83947,17.7,5,2019-06-10 19:35:30,Fully Paid,MORTGAGE
8709,52534,20.0,8,1991-10-27 12:16:10,Fully Paid,RENT
30657,93620,5.8,4,2000-04-21 01:17:40,Fully Paid,RENT
28003,78874,14.1,2,2011-09-28 16:19:57,Fully Paid,RENT
30031,79708,23.3,11,2008-10-04 08:55:57,Fully Paid,RENT
18116,104553,25.5,12,2010-02-10 21:31:36,Default,RENT
30470,98344,12.8,6,1997-04-15 08:55:03,Default,RENT
14576,79138,25.0,9,1992-02-10 22:09:21,Fully Paid,RENT
15150,84302,29.2,1,2010-08-28 17:28:18,Default,RENT
24456,77638,26.4,11,1994-03-16 03:37:35,Fully Paid,MORTGAGE
11530,108249,7.9,10,2017-09-10 16:26:23,Fully Paid,MORTGAGE
15188,32719,23.5,12,2018-04-21 13:36:01,Fully Paid,RENT
19683,52890,13.0,7,1999-02-12 06:38:23,Fully Paid,MORTGAGE
33861,107236,29.7,10,1995-09-19 02:33:43,Default,MORTGAGE
5504,66509,17.1,9,2007-05-02 15:00:37,Fully Paid,RENT
6214,72534,8.1,10,2008-12-21 20:34:19,Fully Paid,MORTGAGE
6531,48787,23.1,9,2014-09-25 12:19:58,Default,RENT
33016,78845,13.1,10,1995-09-07 22:46:16,Fully Paid,MORTGAGE
28960,87932,29.9,11,2019-09-06 02:38:27,Fully Paid,RENT
5823,63062,29.5,13,2003-05-01 00:31:10,Fully Paid,MORTGAGE
22312,105713,21.4,3,1999-01-22 22:48:59,Default,MORTGAGE
10029,117263,8.2,11,1996-03-16 01:14:27,Default,RENT
18428,90461,22.2,13,2010-03-09 22:16:24,Fully Paid,RENT
21517,105418,7.3,5,2000-02-01 19:12:44,Fully Paid,OWN
7105,96672,5.7,8,2017-04-14 20:15:13,Fully Paid,RENT
8627,64832,25.6,8,2007-01-29 02:15:29,Default,MORTGAGE
17972,61966,10.2,4,1991-10-27 12:53:32,Fully Paid,OWN
27700,102545,14.5,12,1997-04-29 03:14:52,Fully Paid,MORTGAGE
6852,42987,29.3,11,2014-12-21 10:54:06,Default,MORTGAGE
9910,67311,13.4,11,2016-03-16 12:15:24,Fully Paid,MORTGAGE
34844,61575,12.4,1,1998-01-14 20:28:42,Fully Paid,MORTGAGE
25559,93852,28.0,1,1995-10-31 11:11:37,Fully Paid,RENT
32509,31007,7.8,4,1999-09-08 11:45:32,Default,RENT
32860,100981,24.0,6,2016-09-23 10:41:06,Fully Paid,RENT
33874,106242,29.7,8,2019-12-16 19:02:42,Fully Paid,OWN
16003,77517,27.5,6,1999-07-12 21:26:26,Fully Paid,MORTGAGE
26732,59257,21.3,12,2003-09-06 21:40:05,Fully Paid,RENT
30826,117272,12.9,9,2006-09-05 03:53:35,Fully Paid,MORTGAGE
18843,72207,11.4,9,2004-10-03 00:53:59,Fully Paid,RENT
16704,43281,25.5,14,1999-05-09 18:36:42,Default,RENT
20761,91246,27.0,2,2018-02-14 20:16:54,Fully Paid,MORTGAGE
11190,31435,18.1,10,2006-04-11 01:34:53,Fully Paid,RENT
22640,56660,11.1,1,2006-12-10 22:53:55,Fully Paid,MORTGAGE
24760,35084,7.8,2,2019-02-27 20:30:50,Fully Paid,RENT
10645,112197,7.2,5,2006-04-06 11:30:03,Default,MORTGAGE
34838,43507,23.0,4,2020-04-25 08:29:39,Fully Paid,MORTGAGE
24870,102595,15.5,4,1996-03-02 20:00:10,Fully Paid,RENT
24968,113807,27.6,9,2011-05-02 01:33:45,Fully Paid,OWN
14588,75539,23.5,11,2003-08-09 06:57:34,Fully Paid,MORTGAGE
16829,37491,9.8,8,2018-05-31 19:07:22,Fully Paid,RENT
13053,80192,20.3,6,2014-05-27 11:24:15,Fully Paid,RENT
8330,110395,15.9,1,1991-02-20 18:15:54,Default,MORTGAGE
24087,93888,19.4,2,2007-08-03 21:16:13,Default,RENT
13662,103609,23.5,6,2019-08-17 07:19:06,Fully Paid,RENT
29504,39077,25.2,11,2001-01-27 19:26:57,Default,RENT
12114,50953,26.1,2,2012-01-03 08:52:13,Fully Paid,RENT
18323,106919,11.3,13,2002-07-26 12:37:19,Fully Paid,MORTGAGE
6353,97889,5.8,10,2006-10-10 08:25:44,Fully Paid,RENT
15975,53821,23.5,5,1990-09-22 03:13:31,Fully Paid,RENT
16023,67567,7.7,14,2007-12-19 04:37:50,Fully Paid,RENT
26447,54860,12.9,5,1997-06-01 22:38:51,Fully Paid,RENT
29933,51195,5.1,6,2002-12-24 22:44:49,Fully Paid,OWN
32595,107475,22.0,6,1993-02-07 20:53:16,Fully Paid,RENT
28959,117266,9.2,14,2004-02-10 21:21:59,Fully Paid,OWN
5667,51427,21.4,6,1996-08-03 22:18:54,Default,RENT
25852,57083,29.8,14,1996-08-15 18:51:27,Fully Paid,RENT
34703,117046,6.8,2,1999-01-17 21:50:16,Fully Paid,MORTGAGE
14337,87372,6.9,14,2001-01-10 06:45:55,Fully Paid,RENT
18659,74064,13.5,10,1992-03-31 23:13:11,Fully Paid,MORTGAGE
28203,37813,26.7,14,2013-12-18 12:51:20,Default,OWN
33761,61598,10.4,13,2001-05-24 10:12:09,Fully Paid,RENT
8719,57082,14.0,14,1996-07-15 16:50:01,Fully Paid,RENT
24129,59241,6.7,3,1994-05-08 17:44:04,Default,MORTGAGE
12483,74569,24.1,14,1992-11-13 13:17:35,Fully Paid,RENT
5539,41745,15.2,6,1990-03-28 20:14:36,Fully Paid,RENT
32355,56029,24.0,13,2003-08-22 02:49:33,Fully Paid,RENT
9964,43025,27.6,8,1997-03-19 17:55:50,Default,RENT
33712,44288,10.8,12,2014-02-26 06:02:07,Fully Paid,MORTGAGE
9835,119186,25.2,13,1992-06-14 04:27:37,Fully Paid,RENT
25159,36540,6.5,11,1991-02-27 15:08:35,Fully Paid,RENT
11042,111958,27.5,12,2009-02-05 13:40:32,Fully Paid,MORTGAGE
19837,98878,21.3,1,1991-12-29 04:11:14,Fully Paid,RENT
28486,71846,26.9,1,2013-04-18 06:49:08,Fully Paid,RENT
12312,105932,5.0,11,2018-03-17 01:41:38,Fully Paid,MORTGAGE
10320,47482,9.2,13,2006-05-25 18:49:35,Default,RENT
18216,53411,14.7,2,2019-01-09 00:17:47,Default,MORTGAGE
27516,80975,14.5,11,2008-08-05 10:13:14,Fully Paid,MORTGAGE
29275,90545,10.7,12,2013-02-13 19:55:50,Default,RENT
32084,108797,14.5,12,2012-02-12 02:54:19,Fully Paid,MORTGAGE
7779,82307,8.2,6,2016-07-15 06:28:24,Fully Paid,RENT
22308,33093,15.3,9,2003-03-14 00:57:34,Fully Paid,RENT
32532,107258,25.1,4,2009-02-09 19:04:59,Default,MORTGAGE
6581,52042,17.0,3,2009-02-26 23:25:57,Default,MORTGAGE
29098,82930,5.5,12,2011-08-06 23:16:09,Fully Paid,RENT
24708,74413,15.5,8,2011-07-15 13:56:32,Default,MORTGAGE
17677,63756,5.7,11,1991-02-14 03:59:11,Fully Paid,OWN
10713,83268,29.2,10,1991-03-10 05:47:02,Default,OWN
28410,69214,8.2,14,2004-05-07 01:07:42,Default,MORTGAGE
21639,111871,22.7,9,2003-03-23 14:47:30,Fully Paid,RENT
9804,58602,29.3,12,2014-12-06 02:06:12,Default,RENT
23222,83331,25.7,11,2010-12-23 23:31:11,Fully Paid,OWN
15136,78901,22.5,5,1993-04-23 02:13:45,Fully Paid,RENT
5009,93416,26.0,9,2008-12-08 02:04:19,Fully Paid,MORTGAGE
24255,62196,29.5,2,2003-12-18 12:36:57,Fully Paid,RENT
30373,35626,20.5,3,2000-09-22 12:07:00,Default,RENT
28793,37424,19.0,7,1995-09-02 06:06:44,Fully Paid,RENT
28802,42857,20.7,7,2008-01-08 05:00:05,Fully Paid,OWN
34548,49982,18.3,6,1991-02-15 23:16:13,Default,RENT
10124,106961,20.9,6,2011-04-19 11:59:37,Default,MORTGAGE
6015,31980,16.2,2,1997-09-29 17:43:39,Fully Paid,RENT
31400,78290,10.5,10,2020-06-23 04:25:13,Default,RENT
34045,56431,8.0,6,2012-06-14 18:19:40,Fully Paid,RENT
32712,114976,6.7,4,2019-06-15 03:48:28,Default,MORTGAGE
7193,112711,11.6,12,2018-12-17 05:39:22,Fully Paid,RENT
13415,56385,6.2,3,1992-11-07 01:36:53,Fully Paid,RENT
18550,68158,19.2,13,2008-07-16 03:14:23,Fully Paid,RENT
19512,53019,12.1,11,2017-07-12 02:37:59,Fully Paid,RENT
34524,48639,25.6,13,2002-01-17 14:29:59,Fully Paid,OWN
28833,115530,6.9,2,1998-09-08 20:21:14,Fully Paid,OWN
9158,51563,10.7,1,2015-03-25 22:20:40,Fully Paid,RENT
34912,69341,23.3,11,2003-07-31 15:49:00,Default,MORTGAGE
25309,35776,20.0,11,2019-04-02 08:45:46,Fully Paid,OWN
11970,66444,6.6,5,2005-03-06 09:01:53,Fully Paid,RENT
11938,98916,26.9,2,2013-10-18 21:10:53,Fully Paid,MORTGAGE
26168,38711,26.9,2,2006-02-23 14:36:13,Fully Paid,OWN
18772,104318,13.3,7,2011-06-26 04:40:43,Default,RENT
25384,112970,13.5,8,2020-07-14 05:18:01,Default,RENT
23017,115553,29.7,13,1990-12-17 22:28:59,Fully Paid,OWN
15344,60707,20.7,10,2015-07-30 13:44:46,Fully Paid,MORTGAGE
12266,69110,18.3,8,1997-11-19 14:08:15,Default,RENT
13702,91788,26.0,14,2000-06-23 06:46:40,Fully Paid,RENT
5384,112879,12.1,4,2001-07-10 20:58:01,Default,RENT
5404,68827,15.7,14,2016-09-11 23:23:45,Fully Paid,MORTGAGE
13175,35655,11.7,1,2008-03-10 19:21:21,Default,MORTGAGE
20158,74859,24.7,11,2008-01-28 11:05:47,Fully Paid,OWN
34189,83625,19.3,7,2016-05-20 19:01:06,Fully Paid,RENT
17763,82098,21.5,1,1999-10-11 17:39:37,Default,MORTGAGE
23384,45251,11.3,11,2017-04-29 15:26:14,Fully Paid,MORTGAGE
32332,30526,10.5,4,2011-09-17 07:45:21,Fully Paid,RENT
14860,98760,17.2,8,2018-05-18 11:36:29,Fully Paid,RENT
10989,77837,23.4,2,1996-04-17 16:12:15,Fully Paid,OWN
20106,41536,18.1,6,2014-08-24 21:02:40,Fully Paid,MORTGAGE
22844,58541,5.8,13,1992-12-26 22:38:55,Fully Paid,RENT
28574,109083,26.7,6,1996-09-18 20:04:13,Fully Paid,MORTGAGE
28524,81027,6.6,12,2016-03-07 05:07:49,Fully Paid,RENT
8636,64531,28.9,9,1994-07-11 22:28:08,Default,MORTGAGE
